rjt,0
gkek,0
dlTek,0
dlTek,0
ehlek,0
tn,0
gkek,0
sk,0
rm,0
djqtek,0
dksgek,0
tkfka,0
dnfl,0
dl,0
rm,0
dkslek,0
qhek,0
emd,0
Eo,0
rj,0
qhek,0
rkxek,0
wnek,0
eogkek,0
rkek,0
sus,0
gks,0
akf,0
dlf,0
dl,0
Eoans,0
akfgkek,0
dnlgkek,0
rmfjsk,0
dhek,0
dkfek,0
Tl,0
rmfjgek,0
zmek,0
Eh,0
dlf,0
tkghl,0
aksgek,0
dks,0
whgek,0
ej,0
qkeek,0
rmrjt,0
wlq,0
skdhek,0
Ekfmek,0
rmflrh,0
answp,0
rmfjs,0
tkfek,0
wj,0
ahtgkek,0
todrkrgkek,0
ahfmek,0
thr,0
aksemfek,0
ep,0
en,0
dkv,0
ruddn,0
wnd,0
djEjs,0
wkf,0
rmsu,0
ajrek,0
dhek,0
wktls,0
ansghk,0
dnjs,0
todrkr,0
djEjgek,0
aud,0
xhdgkek,0
rmfjek,0
thfl,0
ektl,0
ekfms,0
dlfjs,0
duwk,0
ro,0
wjdeh,0
enl,0
emeek,0
ek,0
wha,0
emfek,0
tlvek,0
qhdlek,0
rkwlek,0
gkaRp,0
dkdl,0
wlskek,0
aksgdl,0
tlrks,0
sj,0
wnek,0
dlsrks,0
tktlf,0
skek,0
dlfjgek,0
djajsl,0
sns,0
anj,0
wja,0
dmlgkek,0
tleo,0
ekdma,0
dlfjgkek,0
snrn,0
wjs,0
rht,0
dufj,0
dks,0
gksk,0
tprP,0
qjflek,0
dnl,0
dnsehd,0
vjtpsxm,0
gkrry,0
wkrl,0
rkwkd,0
eoxhdfud,0
rkwl,0
emfek,0
tlwkrgkek,0
qkfh,0
djsm,0
rmfotj,0
andjt,0
wjdqn,0
ahems,0
qjs,0
rmrj,0
ehs,0
rnrrk,0
rmfjsep,0
skf,0
durl,0
ahen,0
dutjd,0
clsrn,0
akdma,0
gn,0
rkek,0
shgek,0
rhksrP,0
dkqjwl,0
skawk,0
djel,0
aha,0
djfrnf,0
emfdjrkek,0
dho,0
skxkskek,0
akfek,0
wldur,0
ekfmek,0
ahtmq,0
anf,0
aksskek,0
soek,0
qhdlek,0
Tmek,0
dlrjt,0
djqtdl,0
dlqjs,0
rlf,0
todghkf,0
Tmek,0
wlrma,0
Qns,0
tkdl,0
qkdqjq,0
tofhqek,0
dnflskfk,0
soek,0
dkswek,0
cjdma,0
ths,0
auc,0
rmEo,0
rhkwjd,0
tkfa,0
rkwek,0
ckwek,0
xmrgl,0
tl,0
dltkd,0
wlrma,0
skrkek,0
dldirl,0
rydbr,0
tkek,0
rudwp,0
dkwlr,0
wkqek,0
rkxdl,0
tjstodsla,0
dPtnf,0
tjek,0
aht,0
durtk,0
dlfrek,0
dlwp,0
rufrhk,0
sodyd,0
anffhs,0
ehddks,0
cor,0
dlfdjskek,0
ekdtls,0
tlwkd,0
sjgek,0
wnddygkek,0
antms,0
smRlek,0
djfuqek,0
gla,0
sjan,0
skfk,0
qnfmek,0
dmlal,0
wkfl,0
qkfrglek,0
wnrek,0
dlal,0
Whr,0
wjdcl,0
rnrals,0
todaud,0
dOrl,0
gkrtod,0
dusrn,0
djaak,0
dlfma,0
gksk,0
soflek,0
tkrjs,0
alc,0
tnlqek,0
wltek,0
Ehgks,0
dldb,0
Ehsms,0
vlfdygkek,0
rmf,0
todrlek,0
tkdydgkek,0
skavus,0
emfdjdhek,0
qkR,0
tptkd,0
wkrek,0
xkek,0
eogkr,0
wkrvna,0
tkdghkd,0
rkdnsep,0
qhsoek,0
enek,0
wmr,0
Ekfktj,0
tkdxo,0
dlgn,0
ekdtl,0
ansgkr,0
ejdnr,0
dkwn,0
wlqkd,0
qka,0
shvek,0
chlrms,0
co,0
gustlf,0
ghksrud,0
zjavbxj,0
ajswj,0
ekslek,0
djfaksk,0
wkcp,0
dufek,0
ajfl,0
aneek,0
skaek,0
qnqns,0
rldjq,0
rjrl,0
qusghk,0
dkemf,0
Emt,0
dk,0
rlekflek,0
Ejfdjwlek,0
tjsrj,0
rhksgkek,0
qns,0
rmsid,0
sksnek,0
dldydgkek,0
rjdml,0
rhe,0
wndtla,0
ghkfehd,0
dhsmf,0
tjfh,0
rhkstla,0
durtl,0
dlrj,0
do,0
rhkdrh,0
skek,0
qkd,0
wjdtls,0
dlfmek,0
Ekd,0
dlfnek,0
dkcla,0
dntek,0
gustkd,0
enek,0
Ejskek,0
rltnf,0
wjscp,0
rmfo,0
djeek,0
dkfmaekqek,0
Rmx,0
alswhr,0
rks,0
whtk,0
emt,0
dlq,0
anj,0
rmeofh,0
dudghk,0
vlfdy,0
wnf,0
gksmf,0
suseo,0
rhkgkr,0
emtgkek,0
wkdus,0
wjdakf,0
rnwh,0
rufrnr,0
qkq,0
dlqek,0
dhglfu,0
vmfhrmfoa,0
sp,0
dlfndjwlek,0
ska,0
gkfn,0
rmfla,0
wjr,0
xj,0
aktlek,0
clek,0
ghswk,0
skrkek,0
dlwp,0
rytn,0
tnf,0
tkfkd,0
dmltlr,0
wjsghk,0
Rmxskek,0
ehfdkdhek,0
akwek,0
dkQk,0
rjfflek,0
wlzlek,0
gksqjs,0
zjvl,0
rktma,0
rlfek,0
qkfkqhek,0
dkfdkqhek,0
ghltk,0
akt,0
eoqnqns,0
tksdjq,0
aodn,0
dhfmek,0
dmatlr,0
vywjd,0
Rhr,0
dlfqn,0
dywma,0
rPghlr,0
smRla,0
djfak,0
rhro,0
tjdrur,0
rPthr,0
tprl,0
tpdnek,0
dkso,0
rkwhr,0
guswo,0
tp,0
shgek,0
qkfwjs,0
ck,0
shfek,0
gidgkek,0
rhksfus,0
gudxo,0
rkr,0
ehtl,0
wkrdjq,0
qnsdnlrl,0
rmfjgkek,0
wkrl,0
skdl,0
dntjs,0
aleek,0
qkRnek,0
skgek,0
qk,0
wjdqh,0
dufflek,0
whgdkgkek,0
rmflek,0
akszma,0
qodnek,0
tl,0
durgkf,0
duv,0
godehd,0
dj,0
rnrso,0
qlgkek,0
rlrhks,0
dlqwkd,0
aksgkek,0
dP,0
dkfo,0
qkdtlr,0
dudgid,0
rmfja,0
sktjek,0
gmfmek,0
wj,0
rlvek,0
qo,0
so,0
ahdid,0
tks,0
to,0
gkwlaks,0
whrjs,0
ans,0
Rhc,0
eksrP,0
dhfflek,0
rmehddks,0
rytk,0
rkqwkrl,0
sjaek,0
wlslek,0
qkfka,0
wkfgkek,0
akdmf,0
djflek,0
eovy,0
rksmdtjd,0
qkdgid,0
eoghl,0
ahrthfl,0
shfo,0
qkek,0
glaemfek,0
rhdqn,0
dnawlrdlek,0
dmldnjs,0
shfur,0
ahtgkek,0
wjsgu,0
djssl,0
ekscp,0
qns,0
dkffuwlek,0
rksmdgkek,0
smdfur,0
wnwkdgkek,0
wktlr,0
ehfflek,0
qnf,0
wnals,0
ahdmek,0
wkfy,0
whswo,0
gkrsus,0
tlsans,0
rkwlek,0
dlgogkek,0
wpvna,0
qnsdi,0
tjstod,0
ehfdkrkek,0
tkdjq,0
goddnl,0
tnwns,0
wlsksgo,0
vygus,0
rlqns,0
eo,0
wjfaek,0
ehdtl,0
dht,0
rlsmd,0
tnsrks,0
wjswod,0
wjs,0
Rna,0
gkfajsl,0
ghldml,0
qkdthd,0
dldirlgkek,0
skan,0
wkek,0
dusrmr,0
dhsmf,0
akcksrkwl,0
rjeek,0
shehd,0
dlEo,0
rhkrj,0
rkcl,0
tlrks,0
wlqeks,0
guseo,0
tkfvuqhek,0
wkdrhks,0
ckdl,0
vnfek,0
tlwjf,0
anfrjs,0
wlrwjq,0
rodls,0
rmsep,0
qkf,0
wkrrk,0
gyrhk,0
qnfry,0
Rmfek,0
eofh,0
Qkffl,0
tlwkrehlek,0
enf,0
akfek,0
tjfaudgkek,0
dnwn,0
tlrl,0
akcl,0
tkf,0
todtks,0
qkfkek,0
rkdgkek,0
rudgja,0
dmadkr,0
chlrh,0
skxksoek,0
dkvmek,0
wjrek,0
ql,0
rhgid,0
shffkek,0
ekdidgkek,0
dnfek,0
shdals,0
emfjskek,0
dmsgod,0
wlsoek,0
rufghs,0
ehdtod,0
qjq,0
thtjf,0
dP,0
dhgn,0
wlftj,0
ekaek,0
ahdlek,0
tlals,0
ghlwkd,0
Qkfmek,0
tmtmfh,0
dkrl,0
dkwjTl,0
dPtskf,0
dlskf,0
wpeofh,0
ekf,0
ejswlek,0
cka,0
rhdrks,0
dlrht,0
Ekf,0
akwlakr,0
qjfdlek,0
quddnjs,0
wktp,0
rkdwhgkek,0
rudckf,0
akxek,0
wjsur,0
gksvus,0
rmfjaus,0
rlwk,0
sjfqek,0
tlgja,0
wka,0
wnfh,0
gnjfTls,0
aus,0
xhddlf,0
emfdjtjek,0
rjsrkd,0
rkRkqek,0
rjsanf,0
tltjf,0
dhlrnr,0
alx,0
djfms,0
wnqus,0
eotls,0
dnjsdls,0
vkfek,0
ckfP,0
rns,0
duftlagl,0
dlfgkek,0
wotks,0
whrma,0
xla,0
qnah,0
dirrks,0
djsdj,0
dyrngkek,0
dhffkrkek,0
cjt,0
rkaehr,0
rmskf,0
tktlf,0
wkwn,0
ekdgkek,0
tkaek,0
dir,0
rlrks,0
ekaqo,0
dlfdmzlek,0
dlfeks,0
gkfdkqjwl,0
whwlr,0
xodjskek,0
rhdwkd,0
qjfTj,0
wmfrlek,0
wl,0
ghkswk,0
qusgkek,0
tkrh,0
rmfoeh,0
dkanfl,0
akwcnek,0
Tkf,0
dlfqks,0
woaldlTek,0
rkfmclek,0
eoghk,0
akrek,0
dhfgo,0
gud,0
ekffl,0
qjflek,0
qnxdlek,0
dlsanf,0
smf,0
ahen,0
wjsrnr,0
akclek,0
wjs,0
ekaks,0
ehdna,0
rkwjd,0
rjfek,0
Qkwlek,0
ajfek,0
qjtm,0
dhsmfskf,0
wkatl,0
shddjq,0
eoek,0
tlr,0
dmlrus,0
aneo,0
tkwls,0
wnwkd,0
vygusgkek,0
dlsgkek,0
dltkdgkek,0
wpdlf,0
qnxek,0
dkak,0
dOrlgkek,0
dltek,0
whrma,0
rudrl,0
ahrwjr,0
xoeh,0
skatjd,0
wndnl,0
eocor,0
rmaks,0
qkftodgkek,0
ekfl,0
dkan,0
djWjek,0
wofy,0
rkrrkr,0
rufzh,0
dhfarlek,0
gkdtkd,0
go,0
dlfgek,0
wkdb,0
cordla,0
qkRnlek,0
qltmtgkek,0
tlagkek,0
rudwod,0
ekffj,0
tkfkdgkek,0
dksl,0
dufma,0
wkfkek,0
ghl,0
rncpwjr,0
rlghl,0
tlftlgkek,0
wlrn,0
qjsWo,0
thqlwk,0
tlfgek,0
rbah,0
rlwns,0
akf,0
qksemtl,0
tpa,0
rkwcnek,0
rmfjslRk,0
qkedkemfdlek,0
rkqt,0
guswkd,0
rjstjf,0
Rjsoek,0
shehdwk,0
ehdsp,0
djswpsk,0
dhkswjsgl,0
wkehdck,0
wjsgkek,0
whswogkek,0
rodnjf,0
akwek,0
quffh,0
djflsdl,0
wjdgkek,0
gksakel,0
dbwlgkek,0
dlepdhffhrl,0
rhdqngkek,0
eownd,0
smfdjskek,0
ekRek,0
aks,0
akfTma,0
rhoscksgek,0
snsanf,0
rkrwhd,0
qlc,0
dksl,0
vlgkek,0
rjclek,0
skdkrkek,0
di,0
wltlr,0
guswo,0
duwjsgl,0
wndls,0
qkfrusgkek,0
tjs,0
dlsfb,0
xmrwld,0
emflek,0
tjstn,0
gudtlr,0
akfusgkek,0
qks,0
qkfvygkek,0
wnwp,0
rjfclek,0
ruRek,0
rhkswja,0
rnl,0
rlqhs,0
alxj,0
tkfkwlek,0
djEjgkek,0
rkawjd,0
rldjr,0
sha,0
dlsrl,0
qo,0
dkvkxm,0
rkRma,0
rntjd,0
tnf,0
tlfwpfh,0
Wkfqek,0
rhakqek,0
rhksfl,0
rmrht,0
ekfek,0
qhek,0
qlfhtgkek,0
rhkdus,0
emfflek,0
ekfflek,0
qkQmek,0
dlwjs,0
dlswjdgkek,0
wk,0
wnddkd,0
skQmek,0
qnfrngkek,0
tlzlek,0
rpdla,0
rnrwp,0
rmfnq,0
dlstod,0
wjsxhd,0
rlfmek,0
wks,0
whtkgkek,0
zjekfkgek,0
dlTek,0
tldls,0
djswp,0
dhl,0
vudrk,0
sofudhek,0
dnlcl,0
wnfdlek,0
rkrur,0
ekffkwlek,0
qlek,0
tkarnr,0
thssla,0
dnjsgkek,0
xhdtls,0
ghkrdlsgkek,0
ahdla,0
tn,0
dkan,0
dntdma,0
rlrP,0
ahdid,0
anfwlf,0
dkskdnstj,0
sbtm,0
tkfdkrkek,0
vuek,0
qo,0
tndjq,0
rudnf,0
whdry,0
cmd,0
wkdustmfjqek,0
wkd,0
ehfek,0
tlrtk,0
dksek,0
dlgo,0
dlwek,0
wptlgkek,0
qks,0
qnfrhkgkek,0
ghrdms,0
djacjdskek,0
vus,0
xpffpqlwjs,0
vkdkrgkek,0
vus,0
tlfcjs,0
shfurgkek,0
qhgh,0
Tltek,0
gksvus,0
smwek,0
dldnt,0
vuswl,0
rhdehd,0
Rkekfr,0
qkddks,0
tpsxlalxj,0
vkf,0
qnsaudgkek,0
qnstjr,0
thsu,0
wlskrkek,0
ck,0
tkdvna,0
tjfaud,0
gnffbdgkek,0
rhksrPwk,0
tofh,0
tp,0
dldjwlek,0
xlqmdl,0
qha,0
whdfb,0
skwek,0
djRo,0
wlwjrgkek,0
qnqn,0
dhfo,0
dyrn,0
zldnek,0
snqek,0
qkfekfgkek,0
qkfwjsgkek,0
dugod,0
wnrdma,0
rhxhd,0
emdwkdgkek,0
rhd,0
emtdl,0
djdnfflek,0
dhdnjf,0
tnlek,0
dkfflek,0
ckek,0
rhk,0
ajffl,0
Qoek,0
dPwjd,0
dhQk,0
wmfrjqek,0
gksrP,0
gmsgl,0
qkxkd,0
tkdnjf,0
Tkdnek,0
djswp,0
dPQmek,0
rkfemd,0
smRuwlek,0
dmlwl,0
wjsans,0
wjdghkrgkek,0
chrl,0
skwnd,0
emd,0
aktdlTek,0
auclf,0
tlsrud,0
ckwdkdhek,0
al,0
tkdyd,0
tltjs,0
dkanfjs,0
djsfhs,0
xnwk,0
wldnjs,0
rufwjdgkek,0
ruddud,0
ahrvy,0
tjdwkd,0
tnv,0
djqtdjwlek,0
wkrsus,0
sofurkek,0
Ejdhfmek,0
alclek,0
toqur,0
Tmfprl,0
djffms,0
dlarma,0
vlgo,0
gks,0
antjqek,0
wlrwkd,0
ckaek,0
zmrl,0
rhrl,0
skarlek,0
tjdid,0
wndy,0
wlskclek,0
rkwudhek,0
soato,0
qnemfjqek,0
durlek,0
dl,0
rhddus,0
skasu,0
soshgek,0
Epek,0
aksemfdjwlek,0
threh,0
tlarkrgkek,0
wnsql,0
rPthrehlek,0
rndnjf,0
akfrek,0
thsus,0
thtlr,0
dbdnjf,0
wkrdyd,0
gjfl,0
rhf,0
rhddjq,0
rmwnd,0
shdls,0
qjfek,0
tkfflek,0
to,0
duddj,0
cnftls,0
rufwjd,0
rudgid,0
rlfhr,0
skfma,0
eoekqgkek,0
qksaus,0
Tjfek,0
dnawlrdla,0
dlalwl,0
xjwlek,0
xmrtjd,0
rywkd,0
qjtek,0
djqan,0
dlqtl,0
wnsqlgkek,0
cjdthsus,0
ehqek,0
dmd,0
dlrlek,0
ckwdkqhek,0
cnlgkek,0
ekfnek,0
ekf,0
tkwkd,0
tkadnjf,0
rmfjgwlaks,0
tjsqo,0
djqcp,0
zl,0
rngkek,0
rnrghl,0
rmfjamfh,0
vhgkagkek,0
rjrwjd,0
rufghsgkek,0
aksdir,0
qkfmek,0
tpdnjf,0
tna,0
godtk,0
Roekeek,0
snsk,0
tls,0
dhkd,0
wjawja,0
wlfans,0
xmrquf,0
vkseks,0
gorufgkek,0
rjfl,0
rPthrgkek,0
rmclek,0
rmscj,0
sjansk,0
shvdlek,0
qnwjd,0
tkwjd,0
eheocp,0
akr,0
qnahsla,0
tncnf,0
rPtlek,0
rm,0
wkfmek,0
epflek,0
akfl,0
ancjr,0
qldyd,0
qlgodrl,0
dhfgek,0
dnjsfo,0
cjfl,0
chlch,0
Rhf,0
shfdl,0
Emrjqek,0
Qnfl,0
tndlq,0
ch,0
rmflgkdu,0
skw,0
dlfWlr,0
wlrdnjs,0
Wlrek,0
rkquqek,0
soqn,0
ekth,0
tkdeo,0
dhwjs,0
vlqn,0
rkrp,0
rkemr,0
rmwj,0
eh,0
qur,0
wkdrns,0
andur,0
qneka,0
dirthr,0
dlstk,0
wnf,0
cuekqhek,0
cndqnsgl,0
eo,0
tlscp,0
dpsjwl,0
dnldnjs,0
wjdflgkek,0
wlqdks,0
qorud,0
wnrdlek,0
ekstnsgkek,0
qkseo,0
qjqclr,0
Qkwlek,0
thrma,0
dhdua,0
wkwjsrj,0
ckadugkek,0
xkt,0
vnfmek,0
rO,0
rmfo,0
ahr,0
qkfvy,0
qjawhl,0
dnl,0
gmsemfek,0
rlch,0
shsfl,0
emfkak,0
Qhqek,0
vldnek,0
rkarkr,0
alfl,0
qnwhrgkek,0
dlstk,0
wjgml,0
wlsgodehlek,0
ryxhd,0
rlrn,0
qjq,0
dhfos,0
wjfadmsdl,0
gnqh,0
rjfl,0
rhkwp,0
rmsrj,0
rlfhrgkek,0
ekrkdhek,0
qnfek,0
tlrkr,0
dlRmfek,0
whdgkq,0
gksrmf,0
rkdmf,0
roqkfgkek,0
sodlf,0
Ejfek,0
aodlf,0
thsrkfkr,0
tneks,0
wk,0
wkdbfhqek,0
wjrrmrwjr,0
vksao,0
gudtjd,0
rldnfdlek,0
rlfdl,0
wkdaus,0
wjack,0
xhs,0
rhksfusehlek,0
rmq,0
skajwl,0
skfTl,0
ejqnfek,0
ehdanf,0
dmltk,0
roqkd,0
rjsrkdgkek,0
alfo,0
dkvtj,0
dufjqns,0
dhosigkaus,0
dlsrn,0
rleogkek,0
sp,0
ehckrgkek,0
qud,0
thvmxmdnpdj,0
gmfflek,0
qksdmd,0
wndlsrhd,0
ekddusgkek,0
EkEmtgkek,0
Ekfh,0
qlvks,0
qlfflek,0
tpeo,0
cnrrn,0
gudsla,0
shgdlek,0
ekdwkd,0
anfuq,0
qkfrek,0
tkanf,0
dlfqkswjr,0
wkdth,0
rhqek,0
qkekr,0
toRl,0
todrkrehlek,0
tjqltm,0
tjsxorgkek,0
tlaek,0
wjrek,0
zh,0
rkseksgkek,0
rhemdgkrry,0
rhdro,0
rytlf,0
tmtmfh,0
ruselek,0
rltk,0
akrglek,0
aocp,0
quf,0
qhrwkqgkek,0
Qnflek,0
duddur,0
cpgja,0
rnthr,0
Eofh,0
djWjaus,0
rmrqhrgkek,0
qnfqjq,0
qlalf,0
tor,0
Tmdlek,0
dlfwjdgkek,0
ekwlek,0
qkfrguwlek,0
dkRk,0
dkfakwek,0
dlsua,0
gmlek,0
rkflzlek,0
ahtlek,0
qkfekf,0
tnaksgek,0
wkfaht,0
clfmek,0
vudghk,0
rhdtk,0
ehf,0
Ehrrkxek,0
qkrtk,0
tjd,0
wjsansrk,0
ekswl,0
akfTmagkek,0
andyd,0
qnfflek,0
Tkdna,0
wkRn,0
ckflek,0
godhl,0
rmfl,0
Emek,0
ansghkwo,0
alth,0
qhxhd,0
tlrekd,0
dmlalgkek,0
dlfo,0
cpdbr,0
rntjdehlek,0
ehrxmrgkek,0
Eka,0
tkfP,0
throgkek,0
wkfehlek,0
cnwlsgkek,0
clfdnjf,0
xmf,0
vudrbs,0
gnsfus,0
gmfma,0
tlqdldnjf,0
Tkgdlek,0
dldlr,0
wnlek,0
zjq,0
rpekrk,0
Rmfgdlek,0
shsans,0
ajacnek,0
tkdydehlek,0
dhfotehddks,0
dnlrl,0
wjdekd,0
whddl,0
ckwdkrkek,0
vhrfur,0
ghrtl,0
smfek,0
did,0
wjfck,0
wlsWk,0
rPtlek,0
rhdrl,0
ekgek,0
anffhs,0
thrgkek,0
dhfflavlr,0
dldhl,0
woal,0
wprhdgkek,0
wmdrkgkek,0
rleo,0
Ejr,0
tlranf,0
dPt,0
dhlclek,0
wjrdjeh,0
vusgkek,0
vud,0
rnjsfl,0
Rmxsoek,0
eoekq,0
tlwkr,0
djfudna,0
dlfwndlf,0
wkdnjs,0
cna,0
sjarlek,0
emflek,0
anfcp,0
qnsaudgl,0
tldnl,0
dkanrjt,0
dhs,0
wjwek,0
wpdhlgkek,0
chleo,0
vudth,0
rusgo,0
RoRmtgkek,0
shdtk,0
ejrnsk,0
dkswjd,0
djena,0
djenqek,0
djWoTems,0
wnxor,0
rhwkd,0
rhksfusgkek,0
snsrlf,0
anfdjqhek,0
aldksgkek,0
alfek,0
tmxmfptm,0
dma,0
dlstk,0
wndjwlek,0
rhfugkek,0
rhkdlf,0
sjffl,0
shdchs,0
dhffkdhek,0
codrlek,0
rhfmek,0
qkfmek,0
qjfdjwlek,0
thwo,0
wjsakd,0
vhrlgkek,0
gudtjdehlek,0
rhclek,0
rmflawk,0
sns,0
ekgkek,0
akclaso,0
qlrygkek,0
tldnjf,0
zjwlek,0
gksWhr,0
rjatk,0
ruffhs,0
emfdlek,0
akxrlek,0
qkranfrhks,0
thans,0
tleek,0
Tkgek,0
djtj,0
wksu,0
wpahr,0
wlt,0
vksruf,0
vkfdnjf,0
gkdigek,0
gmlakd,0
rkqkd,0
rnseo,0
rmakszma,0
andj,0
qlfhth,0
tkdeoqkd,0
tjrn,0
thdb,0
tlrhf,0
tlftn,0
wkfahtehlek,0
clfy,0
vhr,0
gh,0
soalfek,0
akwek,0
qnans,0
tlflwm,0
dlatls,0
wkqglek,0
go,0
rbwjd,0
rmfoa,0
qkx,0
qnstjrgkek,0
tlrrn,0
dkdP,0
djWl,0
dnfflek,0
wkrdydgkek,0
ghkrtlfgkek,0
rotjs,0
rmfmt,0
rmfwk,0
qkfkawlrgkek,0
dusrngkek,0
ckrgkek,0
ro,0
fkeldh,0
akfus,0
qnehdtks,0
tlsghk,0
did,0
wja,0
wlrdjq,0
rjenek,0
qkdgkr,0
qjadnl,0
whtkd,0
cjfgkr,0
rjaek,0
rux,0
rmsqhswjr,0
sjgml,0
eogud,0
Ekek,0
answpwja,0
qhsrurwjr,0
qnfrksmdgkek,0
dlswp,0
cndrur,0
vjwlek,0
rmaqkd,0
skaWhr,0
snfmek,0
altnf,0
qortjd,0
tkdekdgl,0
torRkf,0
dyfl,0
dbaudgkek,0
wksp,0
rl,0
Rho,0
tjfh,0
dhlrnrdls,0
gkscka,0
rnstk,0
Rmsgek,0
sjadjrkek,0
ekarlek,0
akekd,0
qndls,0
tjenfmek,0
wlwjr,0
Wkr,0
ckadmfh,0
cndqnsgkek,0
rlQmek,0
Enlek,0
tnrwp,0
dkvenek,0
dPtks,0
dhsrkw,0
dnfu,0
dntks,0
rlQma,0
rlvdl,0
Rnalek,0
smfflek,0
anfmv,0
qkfrusehlek,0
qhghgkek,0
tltmxpa,0
dldyd,0
wlsksekf,0
wlfmek,0
ckadu,0
rjfdma,0
rudn,0
akfmek,0
qlrywjr,0
doTmek,0
dhfqkfmek,0
cortkd,0
cnqek,0
gmsgkek,0
shvdkwlek,0
smfrek,0
eksdnl,0
enfWo,0
Enldjskek,0
anrjqek,0
qkfka,0
tkdtkd,0
themr,0
tneh,0
dur,0
dlstlrgkek,0
wk,0
claeo,0
rnjs,0
Emek,0
aowek,0
tndy,0
tmxk,0
tlrP,0
dlqtnf,0
dlv,0
wndrks,0
wlehwk,0
cjscjsgl,0
rntjdgkek,0
eocpfh,0
Eoflek,0
ahqtl,0
ansemr,0
tmvhcm,0
dnldnjswkd,0
wjrl,0
xmrqufgkek,0
gyrhkwjr,0
rkRkdl,0
sktek,0
sjadjtjek,0
qhRek,0
todtksgkek,0
djswpsrk,0
dPtnfrk,0
dmleh,0
wjwlfmek,0
wnfdjemfek,0
rkaksgl,0
rjs,0
ryghl,0
eoro,0
dhlqn,0
gksen,0
gksEo,0
ghk,0
gmfr,0
rksksgkek,0
rhror,0
rhkgkrwk,0
rhksrhkd,0
tkfdkdhek,0
tkdeowjr,0
tntnf,0
tlrvna,0
dusrl,0
dlfdnjf,0
wh,0
cjtWo,0
ghldnjs,0
ehtjrhks,0
emffudhek,0
whrmaTlr,0
whalfy,0
vnfflek,0
rkdfurgkek,0
emfduekqhek,0
aksmf,0
tjsanf,0
tmqrhks,0
dkwnajsl,0
dnlgja,0
wlgk,0
ghkfdydgkek,0
rkRnek,0
rhals,0
Ejdhfflek,0
aos,0
qjqfbf,0
tkdcj,0
whqek,0
wlgkcjf,0
wlqek,0
gus,0
ghkaus,0
rns,0
eovywjr,0
aksdlf,0
tkghlwjr,0
todruskek,0
dldj,0
wnqn,0
wlsfl,0
xodid,0
xmffladjqtek,0
vmfh,0
vlek,0
rhdrmq,0
ehfh,0
ehdfy,0
wkfaht,0
wlek,0
codnek,0
rbsgud,0
rlqhswjr,0
qnwhr,0
tkantlf,0
dldnjf,0
dlfdydlf,0
wjqrms,0
wlzuqhek,0
rotjd,0
ekfflek,0
ejgkek,0
Emlek,0
ansjwlek,0
qhxhd,0
Tmek,0
dlfjek,0
dlfdjtjek,0
whl,0
cka,0
chdwkd,0
gortla,0
gnqks,0
ekstnsgl,0
ekffurkek,0
qkdans,0
qnfaks,0
qnfvusgkek,0
tlfwp,0
whd,0
vl,0
rkd,0
rhksror,0
ehdwkr,0
Emtgkek,0
akr,0
alfflalxj,0
qlTkek,0
tntwk,0
duf,0
dhlsWhr,0
wndtp,0
xortl,0
xhdgkq,0
rPtks,0
Rhfl,0
shffkqek,0
didtlr,0
dPwjs,0
wj,0
wjsrl,0
wntlr,0
xmfflek,0
Rmsgdladjqtdl,0
ahepf,0
qntek,0
tkdtlr,0
tkdvy,0
tldnjsgkek,0
dkslgkek,0
djel,0
dmltlrgkek,0
rhah,0
rndrmagkek,0
enffjTkek,0
Ekr,0
Enlek,0
alswnghk,0
qheh,0
tkfvlek,0
dksgek,0
dirgkek,0
wkfahtgkek,0
wkqwl,0
rjqngkek,0
rhdandnjs,0
rmaksenek,0
eor,0
qksrkqek,0
qnwhr,0
tlftl,0
dnsaud,0
wowjd,0
ckfkfl,0
gkrwk,0
eksudhek,0
ekfek,0
eorbah,0
ehd,0
alsrks,0
qjqdnjs,0
qleldh,0
tktlftkd,0
dkRlek,0
dlWhr,0
wleo,0
vkseksgkek,0
godqhrgkek,0
rnqek,0
rlfma,0
tlfcjsgkek,0
Thedkwlek,0
dustmq,0
dhfmsWhr,0
dyddj,0
dlrglek,0
wleh,0
wldnl,0
vndqngkek,0
ghkwkdtlf,0
rldjrgkek,0
tlrfid,0
tlfgja,0
dydrl,0
xhfhs,0
gor,0
rhrmq,0
rhtod,0
alclek,0
qkfqek,0
tkdekdgkek,0
tjRek,0
tntjr,0
djqtdoek,0
dlfnjwlek,0
wjrwjfgkek,0
wjdtkd,0
wptk,0
wnakf,0
wlgP,0
ckato,0
ghkwkdvna,0
rnfrek,0
RoRmtdl,0
skfrek,0
sosus,0
shdtksanf,0
snsdkv,0
eogkrtod,0
qkdansgkek,0
qnfrek,0
tkrh,0
tnstj,0
dkanfoeh,0
dusrnth,0
dhf,0
dnleogkek,0
dltk,0
wlqogkek,0
xma,0
rkfud,0
rjeogkek,0
ekeek,0
emanfek,0
emffmek,0
aoekfflek,0
toddlf,0
tja,0
dlgk,0
ckatjrgkek,0
xheo,0
goruf,0
godqhr,0
rjfdjrkek,0
rmsfhwk,0
rmfTp,0
ahrtna,0
qorghkwja,0
qusghkgkek,0
qud,0
Qkwuskrkek,0
dkssudgkek,0
dufhs,0
dmlqhr,0
cpwh,0
cnfqkfgkek,0
gustlfwjr,0
ghkwp,0
rufwjdehlek,0
rhdiddl,0
rhdrur,0
anfrk,0
alswnwndml,0
qnfdks,0
thwndgkek,0
dudb,0
dmlans,0
wndgkrry,0
zlffhalxj,0
vkeh,0
gmlstor,0
rktn,0
eks,0
qkdthdrnr,0
qlcskek,0
tnaek,0
tlfflek,0
dkqfur,0
dPrma,0
dPtkdehlek,0
dlqgkr,0
wmdrnjs,0
wlrgn,0
ckfid,0
cnftks,0
anfek,0
tjswlsrnr,0
dir,0
djsmto,0
wovks,0
wjWhr,0
wpwk,0
ckdans,0
ch,0
clwm,0
ghlqhr,0
rndur,0
eodmd,0
qkseogkek,0
qkfgnlgkek,0
thql,0
tlawkd,0
dkdlrh,0
whdydgl,0
wndthrldjq,0
wlrwjqwjr,0
wlstlf,0
vlfwk,0
guqfur,0
rktm,0
rPcmd,0
rnajd,0
ekaekd,0
aksghk,0
ajrdlek,0
antlgkek,0
qhehgkek,0
tkfWkr,0
todrkrskek,0
dndb,0
dlstkd,0
ckrkqek,0
cjfwjgkek,0
xodk,0
rhksckfgkek,0
rhosgl,0
Rlek,0
skfro,0
sutjr,0
snsqlc,0
ekswl,0
enfmek,0
emeldj,0
anfthr,0
alswn,0
tjdrhdgkek,0
thskan,0
durlwjrl,0
dudls,0
dnsdudgkek,0
vudrkgkek,0
vy,0
vlfdytjd,0
rkacnek,0
ajanfmek,0
ah,0
qndnl,0
qldnek,0
tjfclgkek,0
tlqdlfdnjf,0
Tkek,0
dkdnffj,0
wltl,0
gudtjdgkek,0
gudwp,0
ghkfugkek,0
rjdnf,0
ejtqnxdlek,0
Eks,0
aucauc,0
anrl,0
tprPwjr,0
dkswjs,0
didvk,0
dltkd,0
dlfwhd,0
cjwl,0
chkfdud,0
xkek,0
xmfek,0
gudvus,0
rkwl,0
rkaek,0
rhcn,0
rbclr,0
qhswlf,0
qlclek,0
Qkd,0
tjtjgl,0
tmtmd,0
tlsqns,0
tlftlehlek,0
dkakeh,0
dksqkd,0
dkfgek,0
djwp,0
dhwlr,0
dnlgjagkek,0
wktls,0
wkatl,0
whfdjqgkek,0
wmdrj,0
chwja,0
vhgkaehlek,0
ghfkddl,0
rkdghkgkek,0
rhdvh,0
rnjsdnl,0
ejf,0
endrmfek,0
alfnek,0
qhsfo,0
qndjz,0
tprma,0
tlfwjd,0
duddid,0
dbrcp,0
dlqrn,0
wksEmr,0
wjrrmr,0
chlthgks,0
vufcuwlek,0
rudgjagkek,0
rmdl,0
sjaclek,0
shgclek,0
eorl,0
ehrflq,0
ehfdkqhek,0
Ehektl,0
ajfltthr,0
qnrWhr,0
qnfdksgkek,0
thlrhrl,0
dnlqks,0
wn,0
zkem,0
vudtod,0
goekdgkek,0
rksqn,0
rhkssua,0
rhldwkdgl,0
eksdj,0
ejvek,0
ehdhkwnek,0
ehdlq,0
ahfek,0
qodn,0
qlcnek,0
tlsqkf,0
dkf,0
dkvtjek,0
durjs,0
dhfowjs,0
wkrur,0
xhdwp,0
rPeks,0
rlacl,0
Rmejrdlek,0
skctjfek,0
shvdl,0
ekfaek,0
akdmathr,0
ahtwldksgek,0
qksdudgkek,0
Qu,0
tjdwkdgkek,0
ththr,0
dusrufehlek,0
wkdtk,0
wpwkr,0
wpgks,0
ckek,0
cnwls,0
cnlgkek,0
zhd,0
gkstna,0
gpdjwlek,0
rndlqgkek,0
skfek,0
sjaj,0
ehdrl,0
akfus,0
tkf,0
tjswkd,0
tjfxkd,0
tnstngkek,0
tmxkdlf,0
tlwja,0
Tkek,0
dmltk,0
wlqwnd,0
zhem,0
zmsdlf,0
rjwltakf,0
eoeksgkek,0
eoeksgl,0
akwn,0
tprPrhks,0
djwp,0
dhsxhd,0
dmlwhsgkek,0
wktpgl,0
wjatla,0
wjdghkrgl,0
wlclek,0
cjdsus,0
gu,0
ghkreogkek,0
gncntrkfn,0
rjstjfgkek,0
rudwodfur,0
akcla,0
tlsdyd,0
dusfkr,0
dhsaha,0
wjd,0
wjdtlswjr,0
wmdtkd,0
cnfdusgkek,0
zkf,0
gksRjqjsdp,0
rkdwp,0
rjssjek,0
Roek,0
skRtl,0
ekrkrkek,0
Enldjemfek,0
answk,0
aneek,0
qlfhtehlek,0
tmfvmek,0
tlsqn,0
duruwlek,0
dhwlddj,0
dyrma,0
dydehs,0
dnlwn,0
dmafy,0
dmlwk,0
wjswk,0
wjsgowlek,0
wjsghks,0
wlrud,0
wlsgod,0
zkapfk,0
xhdwmd,0
vusflgkek,0
gkcjs,0
gusrma,0
ghkgkr,0
ghkfqkfgkek,0
rkflek,0
rjclfek,0
rmskak,0
rmdiakffh,0
Rjqwlf,0
skaqn,0
audfud,0
ahffo,0
anwhrjs,0
qkswkd,0
qnrms,0
tjsxor,0
durtkrk,0
dusrnwk,0
dusrlwk,0
dnjskr,0
wjdfl,0
whrmakgek,0
wnfrl,0
ckwdksoek,0
xhdydlf,0
rudckfrhks,0
rnjsgkek,0
rmrwkd,0
Rmxso,0
eoans,0
ejdnrdl,0
qufeh,0
qlrmr,0
thaTl,0
tlso,0
tls,0
tlfso,0
Theek,0
dusrufgkek,0
dhlry,0
wnajsl,0
rPdir,0
rhkwkd,0
rmr,0
skfksgl,0
ekqkd,0
qnRmfjqek,0
tjdrhd,0
tngodgkek,0
tlscjd,0
tlffh,0
dkvma,0
dkfdkemeek,0
dirrks,0
dusrl,0
dlehd,0
dlsdus,0
dlfgod,0
wleh,0
wltlrdls,0
wlswlgkek,0
clek,0
ghgmq,0
gmsemfflek,0
rmsqhs,0
rldhs,0
skfdkrkek,0
aksgdkwlek,0
qkdnl,0
qjfmt,0
qlvksgkek,0
Qkfrkgek,0
tpdnjwlek,0
tnfwlq,0
tnlek,0
dhfosaks,0
dlfqnfj,0
wjscpwjr,0
wjfqks,0
wjqrmsgkek,0
vusdksgkek,0
vndrud,0
ghkrtlfgl,0
gmxdjwlek,0
rkfek,0
ryfb,0
rmfTmrl,0
rlgn,0
soso,0
eorldjq,0
eodmdgkek,0
ehrn,0
aofur,0
qor,0
qhgja,0
qnfjqek,0
qnwkd,0
tjRdlek,0
th,0
tlafl,0
tlawjd,0
Thek,0
dkwnaak,0
dnlclgkek,0
dlfnrgkek,0
dlxmf,0
wjsekfgkek,0
wjdakffh,0
cnek,0
zuek,0
zhsj,0
godehdgkek,0
gudtk,0
gmlrhr,0
rkaehd,0
rhdgkd,0
rnsdls,0
rnedl,0
rmsmf,0
rmqgkek,0
ekfrif,0
eowndansghk,0
akfusehlek,0
akfn,0
anrp,0
anfrl,0
tjdwjr,0
thfwlrgl,0
tlehgkek,0
dksldy,0
dPwjf,0
dlstkd,0
dlsxjspt,0
wjrdydgkek,0
wjsxhdwjr,0
ckarkgkek,0
clak,0
clscjr,0
xmrwjdgkek,0
ghxpf,0
rudrP,0
rhdtlr,0
rmekwl,0
rlswkd,0
RkRek,0
ekfl,0
Ekfkrkek,0
ajanfek,0
auddP,0
qottkfka,0
qncj,0
tnrdlek,0
dkrkTl,0
dhseh,0
dlak,0
wjfeofh,0
wlqnd,0
wldnjsgkek,0
wlsWk,0
wlxek,0
ckdqkR,0
cjdth,0
claanr,0
xprtmxm,0
vyaus,0
gottkf,0
rorrhkswjr,0
rjrwjdgkek,0
rudwpwjr,0
rnfma,0
rntjr,0
Rmek,0
ekaekdgkek,0
endwl,0
qjtrlek,0
qneo,0
qnfqlc,0
tjzmf,0
tlcjdwk,0
tlfcp,0
djarurgkek,0
dhksqurgkek,0
dhkswjsgkek,0
wjf,0
whddjqdnjs,0
wmdrk,0
cnfdus,0
gkrrl,0
gksehddks,0
gnrl,0
rPwjf,0
akswlek,0
ahrtk,0
qksmf,0
qjxlek,0
qn,0
qnsvhgkek,0
qlwnd,0
tndlq,0
dkdleldj,0
didWhr,0
dPzjseo,0
dnsehdwkd,0
wjsro,0
wjqchr,0
wla,0
vnf,0
goakek,0
gnqo,0
gbrk,0
rudrl,0
rPrhr,0
rnrghldmldnjs,0
ekxnek,0
ehwjgl,0
Qjeek,0
todghkfgkek,0
thfwlrgkek,0
dksxkRkqek,0
dkvwkdtjek,0
dycjdgkek,0
dlfmek,0
dlfclgkek,0
wjtek,0
wjdclrnjs,0
cjsu,0
cnrwp,0
xjEmflek,0
gkrtmq,0
roqkfehlek,0
shvdl,0
ekddusgl,0
eoqlgkek,0
ehdWhr,0
Ejfflek,0
akrn,0
aksska,0
aleldj,0
qhreh,0
tntkd,0
Tmfjwlek,0
dudtkd,0
dudghs,0
dnswjstk,0
wkfkdtmfjqek,0
wkaRks,0
wjrekdgkek,0
wjrdydehlek,0
wn,0
wlthrwjr,0
wlsgodgkek,0
ckquf,0
rhtrht,0
rnqns,0
rmawl,0
sowl,0
ekffudhek,0
enffjqhek,0
qnssh,0
qlry,0
thdnl,0
tmclek,0
durtkwjr,0
dufck,0
dywmdma,0
dbsksgl,0
dmlan,0
dlfgdjqjflek,0
wkaRks,0
wkaemfek,0
wjdtlr,0
whdydgkek,0
wmrtl,0
chltjs,0
xkq,0
gksqhr,0
ghkfehdgkek,0
rjscnr,0
rnlduqek,0
ekqekqgkek,0
ekdghkdgkek,0
ehddlfgkek,0
EjfdjEmflek,0
Ehrrkxdl,0
fkaus,0
akf,0
alfrkfn,0
qkRkx,0
qkwl,0
qjfflek,0
qhrhtj,0
qhrhksgkek,0
qnelwclek,0
Qkffo,0
tkdgkek,0
tjfcl,0
tlrdyddb,0
tlfgdjgkek,0
djqwhd,0
duscnf,0
xpdlqmf,0
xmdlek,0
vlrhsgkek,0
gksrnrdj,0
gkswk,0
rjq,0
rhksfl,0
rnrwpghk,0
rmsdbr,0
Rkfflek,0
tkwjs,0
tksth,0
tjrdb,0
thflclek,0
tl,0
tlstjsgkek,0
dksrud,0
dirthrgkek,0
dusgkq,0
dlsrur,0
wkd,0
wjr,0
whtlagkek,0
wlf,0
Wlfmek,0
cordlawk,0
chd,0
cnlal,0
vy,0
vnaahr,0
ghkreoehlek,0
rjtlf,0
shs,0
ejqek,0
enfWo,0
qkqh,0
quf,0
qhfka,0
qnwkrdyd,0
qlsks,0
tlsrh,0
dirn,0
djEjrgkek,0
dPtkd,0
dnlguq,0
dl,0
dltkd,0
wkarlek,0
wnrhqkeek,0
wnajr,0
wlwl,0
xjfek,0
rudrh,0
rhdrogkek,0
rhkahr,0
rnrud,0
rmqns,0
rmsan,0
shswod,0
ekfdkskek,0
anRek,0
tjdaud,0
thtm,0
tntlq,0
tlsek,0
dnflakf,0
dbry,0
dlqnf,0
dltjd,0
dlftkd,0
wkehd,0
wkdfo,0
wjsroehlek,0
whlthdgkek,0
wnddytjd,0
zmek,0
xoffjsxm,0
xmrqufgl,0
vnawlf,0
ghlrus,0
gnaclek,0
gmswjr,0
rhwjs,0
rhkgkrwjr,0
rnqnsgkek,0
rmfja,0
shl,0
qhdxn,0
qnsaud,0
tktjf,0
tmdfl,0
whkdn,0
wn,0
wlek,0
cndjr,0
gkduxms,0
gkaqnfh,0
gidrl,0
guswl,0
rksmfek,0
rodlswjr,0
rjx,0
rnqglek,0
rmsangkek,0
RkaWkr,0
sjfqglek,0
eo,0
Ejemfek,0
aosus,0
qkftod,0
tpt,0
thwn,0
thsqkekr,0
tmddydck,0
djtorgkek,0
djswek,0
dmlgkr,0
wkdwja,0
wjrekdgl,0
wnqek,0
wlscnf,0
ckdwh,0
zlffhrmfoa,0
vudqjagkek,0
vmfh,0
ghdqh,0
ghkrdls,0
rkfn,0
rjswlek,0
Rowlek,0
soekqhek,0
eofid,0
ehdgod,0
emf,0
Ep,0
akEkdgkek,0
qkfhwkqek,0
qkrglek,0
qkdrma,0
todtjs,0
tmfvma,0
dkanfjgek,0
dldydehlek,0
dlxmeskf,0
dlatl,0
wprjgkek,0
wnfek,0
wlrn,0
wldnek,0
ckarlfma,0
xhd,0
xmrtn,0
vos,0
gkqclek,0
ghrltla,0
rhfahr,0
rldns,0
rlghlr,0
eocnd,0
ehfdktjek,0
ehdghk,0
enRjqek,0
akwtjek,0
ahwkfkek,0
qkrek,0
qhstjd,0
tkdtkdgkek,0
todtksfur,0
tptWo,0
dkswjsgkek,0
dbgkr,0
dlfmek,0
wkdql,0
wjdcldls,0
wjdclwjr,0
whfdjq,0
cjqjf,0
zkvp,0
zhavmffprtm,0
rjaxh,0
rmekdma,0
rlqjq,0
Rmfgek,0
skfdkdhek,0
shdeka,0
ekfr,0
ekadla,0
ehwnd,0
enemfjwlek,0
aorwn,0
ahfo,0
tkfdkskaek,0
tkfdls,0
tjdwlf,0
tlsgh,0
dkqjsla,0
dmltlagkek,0
dls,0
dltEkfmek,0
wkfkdgkek,0
wkvks,0
wjrdyd,0
wjsrl,0
wndqks,0
wltlgkek,0
cnfqkf,0
gjdydgkek,0
rkfmcla,0
rkrrnr,0
ryrhktj,0
rmfuwlek,0
Rnwnsgl,0
suseh,0
ektn,0
ejrqns,0
ehowl,0
enemflek,0
anfl,0
anfdma,0
qlfek,0
tndud,0
tmsla,0
Tjrek,0
djajsla,0
djdEndgkek,0
duqh,0
dlwdjqjflek,0
wjdaus,0
whrkr,0
xodnek,0
gotjr,0
rkflek,0
rornr,0
rPtksgkek,0
rmsdnjs,0
rlck,0
ekarmek,0
akdmaeofh,0
ausmfl,0
aledma,0
qkfrus,0
qhrh,0
qnxkrgkek,0
tkdydwk,0
tkghlwndml,0
tjfclehlek,0
tnehrnjs,0
tlrxkr,0
tlfvogkek,0
duddnjsgkek,0
dndusgl,0
wkrmr,0
wjdgowlek,0
wlrwjq,0
wlvek,0
chdfl,0
cldcks,0
xmsxmsgkek,0
gotqlc,0
rhddnjs,0
rmdwjdwjr,0
shsdmlgkek,0
eocnf,0
ejr,0
ehfqhek,0
enlwlqek,0
ajswl,0
qkektrk,0
qkclek,0
qksgkek,0
qkfvyehlek,0
qnwjdgkek,0
qnffjdlfdmzlek,0
tkdnjs,0
thdbwk,0
Tlqek,0
dkanxms,0
dksehlek,0
dortn,0
dhoswl,0
dyrtla,0
dntmd,0
dlrek,0
wpcnfgkek,0
whtlatmfjqek,0
wlrwjs,0
wlawkrgkek,0
xorgkek,0
xj,0
vltl,0
gmffjskdhek,0
rkrn,0
rkseksgl,0
rkdanf,0
rjRnfh,0
rndrmrwjr,0
rmrgl,0
rldugkek,0
Rhr,0
skfWk,0
eofbr,0
ehlrp,0
enlEkfmek,0
flema,0
ahslxj,0
qjadls,0
qusehd,0
qnfrkvlgkek,0
tkfaek,0
tosemdnlcl,0
tjfb,0
thsgo,0
tnawlek,0
dkdb,0
dycjd,0
dns,0
dlftkdtodghkf,0
wkwhstla,0
wnwjdkswek,0
wmdrnjstk,0
wlsgkek,0
chdnjs,0
chlwhd,0
ghlqhrgkek,0
gmffjrkek,0
gmdal,0
rjatk,0
rmWhr,0
Rnek,0
sofuekqhek,0
snsTjq,0
eotlsgkek,0
enfuqek,0
emdwkd,0
elwkdls,0
akel,0
alcj,0
qlslf,0
qldbf,0
todanf,0
thdma,0
didrnr,0
djfvlt,0
dhfoehlek,0
dnps,0
whrkr,0
wndqn,0
ck,0
coth,0
cla,0
xjf,0
vksaogkek,0
gkddml,0
goekd,0
ghkrqh,0
ghksruddhdua,0
rkclrhks,0
rjadmstor,0
rhtodgkek,0
rldnjswjs,0
rlxk,0
rlsrmq,0
RjRek,0
RnaRnek,0
anfu,0
aneglek,0
tnvy,0
tlfxo,0
dktnlqek,0
dowjd,0
dO,0
djaj,0
duqhtpdy,0
dlfwjd,0
wkdfm,0
wjfjgek,0
wjqgkek,0
wjdtjd,0
wpdir,0
Whcek,0
cjs,0
cnrk,0
xpdlvm,0
vna,0
gotjr,0
ghkrdlsehlek,0
rkgkek,0
rkswkd,0
rkddml,0
rj,0
rhalsgkek,0
rhk,0
ryghks,0
rnrdj,0
shfkgek,0
ekclek,0
ehddid,0
ehdvh,0
Enfgek,0
tkd,0
to,0
dkrrl,0
dusakf,0
dhffushgek,0
dhlausgkek,0
dnjsrh,0
wjdakf,0
wnfrhe,0
wlcnf,0
ck,0
cldnek,0
vlfh,0
gid,0
rotjsgkek,0
rPwhk,0
ekdrlek,0
eh,0
emfek,0
Ekfmek,0
akfrl,0
akfdjqtdl,0
akdgkek,0
anstj,0
qkrtn,0
qnwk,0
tkgmf,0
tjWhr,0
tjdflqehlek,0
thswk,0
tlsfkd,0
tlftmq,0
dlfWlrdl,0
wkdbf,0
wpqjq,0
wlqwndehlek,0
ckdwhwjr,0
cjswkd,0
vkek,0
gkrls,0
gorufehlek,0
gidtkd,0
ghkrk,0
rkfkdkswek,0
rkaTkek,0
rhwkr,0
rnrudgkek,0
rnranf,0
rlrn,0
Rkfek,0
ekwlagkek,0
eogkqtlf,0
akfTmaemflek,0
aowkd,0
ajfdjwlek,0
audcld,0
qnfTkdgkek,0
tkddjq,0
todtksehlek,0
tnarlek,0
tlffur,0
dico,0
djdejddl,0
dnfdma,0
dlekf,0
dlscp,0
wjrhfl,0
wjsqn,0
wmfrjdna,0
wlek,0
wlseks,0
wlfqud,0
Wkek,0
cpfur,0
clsgkek,0
gpdkflek,0
rkrrl,0
rudckftj,0
rheqkfh,0
rhksckf,0
rnen,0
rnstk,0
rnltls,0
rnlgkek,0
rmxhfhr,0
rlchgkek,0
rlvdl,0
skantrkwl,0
sktek,0
ekqgkek,0
eork,0
ejdnl,0
ehlckwek,0
akfflek,0
aneja,0
anfruf,0
qkqtkd,0
qhwkdgkek,0
tkrhk,0
tkrnlek,0
tjsj,0
thtek,0
tlfvo,0
dPtkdgkek,0
dPdhl,0
dhkswjs,0
dntrlek,0
dbfl,0
wjfeowjr,0
wpwkrgkek,0
wnl,0
chleogks,0
xjr,0
vkfflek,0
vnaek,0
gkgk,0
gudqn,0
gbtlr,0
rneek,0
rnedjwlek,0
rnfaek,0
rmasus,0
rlrl,0
Rkakgek,0
skclaqks,0
shdqn,0
eogkrdnjs,0
ejfjqek,0
ehekfgkek,0
enlsmwek,0
enlwlek,0
emdfhr,0
eltmzm,0
aktqhek,0
ansml,0
answkd,0
aneek,0
qusghtk,0
tkd,0
tkdtkdfur,0
dugkrtod,0
duddjq,0
dP,0
dPqkd,0
dhkstjd,0
dbflgkek,0
wkdusghksrud,0
wmdaudgkek,0
wlwjrehlek,0
wlwja,0
cjfwjgl,0
zhtm,0
gkrqnah,0
gkqflwjr,0
gotjrgkek,0
glaTmek,0
rjemq,0
rnlrnrgkek,0
rlQjgkek,0
skfflek,0
sofushgek,0
sodwkdrh,0
ekdrms,0
ejfek,0
Enldjsjaek,0
aksnfk,0
akwdlgkek,0
qnfgodgkek,0
tlsrhgkek,0
dusthr,0
dhlfhqek,0
dyr,0
dnjswkd,0
dbanf,0
wjwjffh,0
wjf,0
wjdql,0
wndml,0
wlsksqjs,0
wlqdjsjgek,0
xhdrP,0
vkdlf,0
vks,0
vlgowk,0
vlftnwjr,0
gkrdydvna,0
ghkqns,0
ghksgkek,0
rkftor,0
rkarl,0
rkdska,0
rnthrehlek,0
ehfdkekslek,0
emdemd,0
ajtwlek,0
qksqkf,0
qkscks,0
qkdwl,0
qoek,0
qhwkd,0
Qkwuskdhek,0
toek,0
throehlek,0
Tl,0
dksWhr,0
djrdnfgkek,0
dhrkek,0
dyrnehlek,0
dmatjd,0
dldmrrh,0
wkdtlr,0
wjsrogkek,0
wjsskf,0
wjsqkswjr,0
cjrgkek,0
vndtmq,0
gksrkdnsep,0
gkswjdehlek,0
gosoek,0
gbdso,0
rkadhr,0
rkvek,0
rjswjsgkek,0
rufghstlr,0
rPtksrl,0
rhkdwkd,0
rmfjgwl,0
Roek,0
Rhkr,0
Rldnek,0
shfogkek,0
ekemaek,0
ekfmadjqtek,0
ekdekdgkek,0
eoa,0
ejddjfl,0
enshl,0
emd,0
ahcjfja,0
anfflgkr,0
qjf,0
qnwjdwjr,0
qnrqn,0
qnsfl,0
tkdekd,0
tpek,0
thro,0
tnghkrl,0
dodls,0
doch,0
difqek,0
didsua,0
dp,0
dhduaehlek,0
dhgo,0
dnpsdlf,0
dmltlr,0
dmlwlgkek,0
dlfrl,0
wjfeo,0
wpgksgkek,0
whswndgkek,0
ckdrh,0
co,0
cordlawlek,0
cjdcns,0
chqks,0
xmfjr,0
vk,0
vhrsjfqek,0
vygusehlek,0
gkrqjs,0
gkrdnjs,0
gjrk,0
gpaoek,0
rkwkd,0
rhr,0
rhrtlr,0
Rhwek,0
enfudna,0
akdtjfdlek,0
anfl,0
qjxj,0
qufekfmek,0
qhvuswjr,0
qnvna,0
Qjsgkek,0
Qhqglek,0
tkdeka,0
tjqn,0
threka,0
tlwnd,0
tlatk,0
dkdl,0
dkvtpdnek,0
dbtkgkek,0
dbcldnjs,0
dmldyr,0
dlsrms,0
dlfqksdls,0
wkrtjdgkek,0
wjsrhd,0
wjdrl,0
wpdml,0
whddlf,0
whgdkwlek,0
ckfla,0
ckdwhgkek,0
cndnl,0
xhakxh,0
vkfkgek,0
vusoek,0
gkemdnpdj,0
ghkwkd,0
rkwurkek,0
rkawk,0
rkdfufgkek,0
rkwek,0
rhlfhqek,0
ryxhdtkrh,0
rnsep,0
sodlf,0
ehlvnfdlgkek,0
Ekr,0
fl,0
aptlwl,0
ausgkek,0
ahtorgkek,0
qnxwkqek,0
qlcRkf,0
Qia,0
tkqkd,0
tkffla,0
tlfgus,0
dksi,0
dusdPdls,0
duddnjsgl,0
dnjfrmq,0
dbgod,0
dlso,0
dlfl,0
wpqkf,0
ckcma,0
xnvy,0
vkrhlgkek,0
gksmsla,0
goekdehlek,0
ghffh,0
rkRkdl,0
rkemrgkek,0
rkrwk,0
rkagl,0
rkddygkek,0
roal,0
rhkstmq,0
rhkdrud,0
rmatp,0
skwcnek,0
sownek,0
auddml,0
anfrhrl,0
anffjskek,0
alfwjqgkek,0
qnxkr,0
qnsfid,0
qnfrhk,0
Qjsgkek,0
tkdwk,0
togo,0
thqkrgkek,0
tndjqtdl,0
tmdwls,0
did,0
djfdma,0
dufao,0
wjrglek,0
wjatn,0
wpgksehlek,0
wlthrehlek,0
Whcrlek,0
Wnr,0
xhdwkd,0
vudrkehlek,0
gkeh,0
gksckd,0
godks,0
ghqkr,0
gmrdls,0
rks,0
rkeglek,0
ruftlagkek,0
rudrlwkd,0
rhwkd,0
rmsfh,0
snsehdwk,0
smwek,0
ekrclek,0
ehtlfkr,0
Emeek,0
ahawlt,0
qnekagkek,0
qnghlwkd,0
Qodktek,0
tkazlek,0
tjdtlfgkek,0
tmxbeldh,0
tlfwp,0
dyto,0
dltkdwjr,0
dlfTn,0
dlfcp,0
wkRnaks,0
wkwek,0
wjfakd,0
wjqek,0
wptlehlek,0
wnqkd,0
wlscnfgkek,0
Wkwmd,0
cjtskf,0
xhdrhkgkek,0
xnaudgkek,0
ghkrtksehlek,0
rudfur,0
rhxhdtmfjqek,0
rhsfksgkek,0
rhdwnd,0
rhdgo,0
rnlcksgek,0
rleoek,0
Rodjskek,0
Rhqglek,0
eoektn,0
emttlvek,0
ajrdl,0
an,0
anfy,0
alqek,0
qkffp,0
tkdwldgkek,0
tlfgusgkek,0
dkRkqek,0
dkswjdehlek,0
djfltjrek,0
djvemflek,0
dufjt,0
dustjf,0
dusvlf,0
duafu,0
dntmqek,0
dnswjs,0
dlrtnrgkek,0
dlfwk,0
wkscl,0
wjsekfehlek,0
wjsqn,0
ckek,0
clfygkek,0
zks,0
gks,0
rkftnfhr,0
rkwrkwl,0
rjwjfgkek,0
rhksrhkdror,0
rnqufgkek,0
rnr,0
ekgod,0
ehddml,0
akanfl,0
akwnclek,0
akrtkd,0
auc,0
ahaxhd,0
aht,0
aytkgkek,0
altnfrhks,0
qpek,0
qhwkdehlek,0
qhf,0
qnqnswjr,0
qnfrhrl,0
qnfflek,0
qnfgod,0
qlaud,0
tnstn,0
tlrkr,0
tlfwlfwjr,0
dksro,0
dufmacjf,0
dhfhwl,0
dhkstjdgkek,0
dlfjswjfjs,0
dlaan,0
wkdusgl,0
wkdsks,0
wjfjs,0
wjsdyd,0
wlrmrgl,0
cjdgkek,0
ghkrwjd,0
rktkd,0
rkrwk,0
rksghr,0
roqkdgkek,0
rhksrPehlek,0
rnrtks,0
rmgo,0
Rjwlek,0
Rhreorl,0
Rmsgdjwlek,0
eh,0
flrm,0
akdlzm,0
akswhrgkek,0
apdnek,0
auswjr,0
ahrdyr,0
qkstjd,0
qjfEjr,0
qhtkd,0
qnsflehlek,0
qlw,0
torlek,0
tjals,0
tjr,0
tjswjdgkek,0
tpek,0
thtn,0
ty,0
tngkr,0
tldjajsl,0
tlwlq,0
dusrks,0
dudghkwp,0
dPcmrgkek,0
dydeh,0
dmltla,0
dlehdgkek,0
wkrmrgkek,0
woQkffl,0
wjrgkqgkek,0
wjsghkqjsgh,0
whwjfgkek,0
whwjd,0
wnddjfrjflek,0
wlrmqgkek,0
ghkrwkd,0
glackek,0
rkatkgkek,0
rjswh,0
rhdygkek,0
rmeo,0
rmflqek,0
rmtek,0
rlend,0
rlswkdgkek,0
skfzkfhqek,0
shsgkek,0
smflek,0
ehejr,0
ehdqn,0
enltahtmq,0
EhrEhrgkek,0
aks,0
aksaksgkek,0
ahtehlek,0
qhrhgkek,0
tkanth,0
tkchs,0
tkd,0
tkddls,0
tjsdjsgkek,0
thdnjs,0
tndlqgkek,0
tlrek,0
dutqhek,0
dhkstjdehlek,0
dbwjr,0
dlftod,0
dlqglek,0
wkqdkajrek,0
wjdqhghk,0
whdwhd,0
wlrkq,0
ckek,0
ckdwkr,0
cnrth,0
cnlgid,0
clswjfgkek,0
zkdnsxj,0
xkstodgkek,0
gktnrwlq,0
gkrrmq,0
gorns,0
gydbfwjr,0
rktmathr,0
rks,0
rksvks,0
rjsemflek,0
rhksflgkek,0
rhlfhdna,0
rmsrjgkek,0
rmador,0
ekgodgl,0
ekffoek,0
ehddkfl,0
Ekfkdhek,0
akfflek,0
aka,0
ajrek,0
audwjf,0
ahtgkek,0
qkdldhffls,0
qkfrgusoek,0
qntjwlek,0
qlgod,0
tkdrhksdjqtek,0
tjdflqgkek,0
tnaud,0
tlwms,0
tlsrlgkek,0
djqek,0
dPrka,0
dmatlranf,0
wktlsrka,0
whldls,0
wndmlgkek,0
wnsqlanf,0
cjs,0
cnfdlq,0
zhorka,0
xkstod,0
xnlek,0
gkvlf,0
ghkfdyd,0
ghltor,0
rjdor,0
rhry,0
rhwlqgkek,0
rhewkf,0
rhfWkrl,0
rygns,0
rnfmek,0
rmfTl,0
shfoqkd,0
eksvus,0
ekfek,0
eocjgkek,0
aoek,0
ajflzkfkr,0
audghkrgkek,0
qkfrjfdma,0
qkfrlf,0
qjffp,0
Qodktrlek,0
todtkswk,0
tjswls,0
tjddls,0
thao,0
tlapsxm,0
tlsrb,0
tlscjdgkek,0
tlfdms,0
tlavks,0
dksrlek,0
didtla,0
dltkwkd,0
dlwk,0
dlrtnrgowlek,0
wktpgkek,0
wjrj,0
wjcnr,0
wpql,0
wpdks,0
wpdksgkek,0
wmdtp,0
wlsksskf,0
wlsrmq,0
zhdskanf,0
xnldjskdhek,0
vywns,0
gkdrn,0
gjdyd,0
gpfrl,0
rkstlsgl,0
rkfdkdlqek,0
rkaek,0
rkxdlgkek,0
rjwlt,0
rjvna,0
rjfdjdhek,0
rhdrns,0
rltnfwk,0
skanf,0
sustod,0
ekfflrl,0
eoehtl,0
ehenr,0
ehwjs,0
aus,0
ahwk,0
qhwh,0
qnfflgkek,0
qnfvus,0
qlqlek,0
tkrhk,0
tkfdkskek,0
thvk,0
thrdlek,0
tnaus,0
tncjs,0
tman,0
tmdqn,0
tlrl,0
tlssua,0
tlsdlqtod,0
djflsdkdl,0
djWjswl,0
durks,0
dur,0
dusfkrgkek,0
dudgidfur,0
dPdml,0
dlso,0
dlflwjfl,0
dlsrkswjr,0
dlstkgkek,0
dlarma,0
wkfskek,0
wosmd,0
wlqnfgkek,0
vkcnfth,0
vks,0
gksans,0
rjsspwnek,0
ruftmd,0
rhdrhd,0
rydid,0
rnrdhkd,0
rbclrwjr,0
rmrqhr,0
rmfTpdy,0
sofuwlek,0
sodehd,0
shrek,0
eoro,0
qocn,0
tpsxj,0
tndua,0
tnwlqgkek,0
tmdror,0
tldtldgkek,0
dkdk,0
djflek,0
durnjs,0
dufthl,0
dhfpswl,0
dhlah,0
dlsrhd,0
wkawkfl,0
wkdska,0
wjakek,0
wjsrnrwjr,0
wjsqks,0
wpwkfl,0
wlfngkek,0
cjr,0
vhehwn,0
gkrtnf,0
gufdor,0
ghktkf,0
ghkwo,0
rkfmek,0
rkrrkr,0
rksrur,0
rhgka,0
rhdrurgkek,0
rmsha,0
rlfhrehlek,0
Rmxdjqtek,0
Rldjemfek,0
shtjs,0
ekq,0
eotk,0
ehakdclek,0
ehrtj,0
ehd,0
ehddmlgkek,0
EkrEkrgkek,0
Ekdthr,0
qjfrma,0
qhr,0
qhdtk,0
qntj,0
tjd,0
thgud,0
tlsdls,0
dkrahd,0
dksso,0
dkvenl,0
djsejr,0
dufwjd,0
dhvpfk,0
dlqakt,0
wowm,0
wjrdmdgkek,0
wjfeo,0
wjqtl,0
wprhd,0
wlskclek,0
ckark,0
cpwnd,0
cntjr,0
cndehf,0
xhdfh,0
vhwkd,0
goth,0
godgowlek,0
gusrhks,0
guseodls,0
gPxor,0
ghtn,0
ghkr,0
rjssjrkek,0
rhfrhfn,0
rntjrrntjr,0
rmwptjdi,0
Rja,0
shrtor,0
ek,0
emdfhrwmd,0
akrso,0
qksqhrehlek,0
qkfwjs,0
qkdgo,0
qjsgh,0
qu,0
qhsdls,0
tkdwja,0
tnqor,0
tlfwkd,0
TmfTmfgkek,0
dkrtn,0
do,0
djwlfjqek,0
djWlgkek,0
dPwjdehlek,0
dlwnd,0
dlsdnjs,0
dlswjdqkeek,0
dlsxjqb,0
dlqgkrgkek,0
wkfkd,0
wjrjt,0
wjdans,0
ckrrkr,0
ckd,0
clswjd,0
zuwlek,0
xkdlq,0
vor,0
vytlgkek,0
godgkek,0
ghkfWkr,0
rkatkdgkek,0
roquf,0
rhdtlrwjr,0
rmfjseofh,0
rlehrry,0
Roekfdma,0
Rlek,0
sjadjwlek,0
snsqntlek,0
ekswja,0
emffuwnek,0
EnRjd,0
akdmaajrek,0
ahrfhr,0
qksqhrgkek,0
qkstjdgkek,0
qufaud,0
qhwjs,0
qnfdjdhek,0
thdbgkek,0
tnqkr,0
tmdnlcl,0
tlstp,0
dkRk,0
dkfdksoek,0
dka,0
dieks,0
dO,0
dps,0
dusruf,0
dusrhks,0
dydtjgkek,0
dnwjd,0
dbrrns,0
dmatlrwja,0
dmlshsgkek,0
dlsqns,0
wndygkek,0
wnr,0
ckak,0
ckawh,0
cjtWo,0
xkrhskek,0
xodnek,0
godtk,0
gidtn,0
gjdydehlek,0
rkdlq,0
rkwjd,0
rhkwk,0
rycp,0
rla,0
Rhak,0
Rmxdjqtdl,0
skfmek,0
shfflek,0
smfdjshgek,0
ekeglek,0
eovygkek,0
eogkrry,0
ehfh,0
ehowlrhrl,0
enfudnjgkek,0
EmtqkR,0
akrrjffl,0
akxek,0
altm,0
alfflek,0
qkqrmfmt,0
qkdans,0
qudemfek,0
qnfjwlek,0
qnfRhc,0
tkdeotjd,0
tjfans,0
thtjfrk,0
Tmfek,0
dkssudgl,0
dksvkR,0
dPqkdgkek,0
dhf,0
dbdmlgkek,0
dbgkr,0
dlgoehlek,0
dlsgk,0
wkrtjd,0
wkfflek,0
wjsekf,0
wjstlghl,0
wjsghkgkek,0
wjsghksgkek,0
wjdclgkr,0
whktjr,0
wnans,0
wlqdksdlf,0
cprPwjr,0
cnfrms,0
zmfla,0
xkrdnjfgkek,0
xjd,0
xhgkek,0
vnr,0
gkstnsrks,0
rktk,0
rkdlqwk,0
rkathgkek,0
rornfl,0
rufrhkwjr,0
rhlfhqglek,0
rnquf,0
Rodnek,0
Rms,0
Rmsgrlek,0
Rmsgdladjqtek,0
sjrsjrgkek,0
ehdwjs,0
endj,0
akdir,0
alxqkekr,0
qhehehlek,0
qhfl,0
qhsqn,0
qn,0
tjdtnrgkek,0
thrmrwjr,0
thdyd,0
thswlfgkek,0
tnrjs,0
tnstlrrks,0
tleh,0
tlwlq,0
dkanro,0
dirwja,0
didqhr,0
djWotj,0
djWjek,0
djfek,0
du,0
dusfud,0
dPql,0
dnfdmathfl,0
dlsha,0
dlfurtj,0
dlswjdehlek,0
wkawkek,0
wjtrkfkr,0
wnsus,0
wndeksgkek,0
wndeogkek,0
wndtlawl,0
wlqwndwjr,0
ckaehlek,0
chcjd,0
cnfvkstk,0
xkrwk,0
xhRl,0
vjr,0
vndthr,0
vldksh,0
vldrP,0
gkscmd,0
goddns,0
rkfhakrek,0
rkstjq,0
rkfwmd,0
rkqwkrtmfjqek,0
ryghksgkek,0
rmfodi,0
rldnjs,0
rlfrk,0
sksfl,0
skaao,0
soqjflek,0
ekfflgkek,0
Enldjrkek,0
altkdlf,0
qkfrkfkr,0
qhwhs,0
qhghehlek,0
qhlqek,0
qnclek,0
tkdrhks,0
tjfaudehlek,0
tjqtjqgkek,0
tp,0
tpfusehlek,0
thstnlqek,0
dkswn,0
djflsdo,0
dufrl,0
dhtckfla,0
dnlfhgkek,0
dlrkxdl,0
dlsgud,0
dlfcl,0
wotod,0
wjscjf,0
Wlwdjwlek,0
cjfgkrwk,0
cnrgkgkek,0
zjffj,0
xhdghk,0
xmrdlgkek,0
vlfduswjr,0
gkfntqka,0
gmffjsoflek,0
rkWk,0
rkdeh,0
rha,0
rmqgl,0
rlsua,0
skdkwlek,0
sjadjdhek,0
ehlehfflek,0
Emldnek,0
aosj,0
alsthr,0
qjfuwlek,0
qltanf,0
tkdnl,0
tjfskf,0
tjfemrgkek,0
thswlf,0
thsxhq,0
tlrQkd,0
dkfmqkdlxm,0
dhlfhdna,0
dhldnek,0
dnswjswk,0
dbflckd,0
dlqeo,0
wjrtjd,0
wjsakdgkek,0
wlqekswjr,0
ckdlwja,0
cksanf,0
cjfeh,0
chdrkr,0
zoavpdls,0
xovnd,0
gkssns,0
gotqux,0
ghdtn,0
rkana,0
rkswjq,0
rkdfurgl,0
rotjsehlek,0
rjsspek,0
rp,0
ruftla,0
rhewkd,0
rywlr,0
rnthrgkek,0
rnlwndgkek,0
rmfrek,0
rmawlgkek,0
rltk,0
rltnrtk,0
skantdlv,0
sotnlek,0
sjfqdjwlek,0
smfdjwlek,0
eksehr,0
akekd,0
akdmaRjt,0
ahffuemfek,0
alxld,0
qk,0
qkznl,0
qkfwkrnr,0
qoxek,0
qjfdjwlek,0
qhsjtm,0
tkscor,0
todrl,0
tjwjr,0
thghk,0
tngjatod,0
tlRmfjqek,0
tlstpeo,0
dksrlek,0
djrlek,0
djEo,0
dpfflqpdlxj,0
dusrndnjs,0
dusdo,0
dusgb,0
dydirgkek,0
dnsehdgkek,0
dnjfdydlf,0
dnltjd,0
dmldhlfh,0
dlah,0
wktkf,0
wptl,0
wpdhlehlek,0
whzk,0
wnth,0
Wlrglek,0
cjf,0
cnlwlr,0
xkfkr,0
xhdghk,0
xmffladjqtdl,0
vkxl,0
ghlrhks,0
rPghlrgkek,0
rhdduswkd,0
rnrwjr,0
rmsfo,0
sksnlek,0
skxakf,0
sodhl,0
soaql,0
smreo,0
smfdjtjek,0
ekwjdgkek,0
ekfek,0
ekffuemfek,0
akddnjsrud,0
ahqja,0
anflgkek,0
anRdlek,0
qkdgogkek,0
qoa,0
qjf,0
qhlek,0
tkdfb,0
tjr,0
tjsaudgkek,0
tjsghgkek,0
tjdrhdwjr,0
thrbah,0
tntlfh,0
tldi,0
tlfgusehlek,0
dksldi,0
djsmejt,0
dhfmsoflek,0
dhkdwk,0
dntngkek,0
dbaud,0
dbgud,0
dmfp,0
dlftkdwjr,0
dlfdlfdl,0
wjsrhdgkek,0
wjsgn,0
wjdtkd,0
wjdtkdwjr,0
wlfwjr,0
cjr,0
cjf,0
cjdthgkek,0
cndrurwjr,0
cldk,0
vks,0
vusdml,0
vPwl,0
gotjf,0
gjs,0
gmrqor,0
gmltod,0
rkRkdnjwlek,0
rkatkgkek,0
rkdeh,0
rudql,0
rudwpfur,0
rmagkek,0
rleoehlek,0
rlvtnrdl,0
Rnf,0
sjadjEmflek,0
shdtkwltek,0
ekseksgkek,0
ekaekdwk,0
ekqqus,0
eoql,0
eocp,0
ejdnrej,0
ehtla,0
ehlswkd,0
enffjTkdlek,0
emdtks,0
akckf,0
akzm,0
akswhr,0
akdclek,0
apsb,0
ahrma,0
aytk,0
ansghkwjr,0
aneglek,0
alghs,0
qkfwjsehlek,0
qkdthdtk,0
qkdwlgkek,0
tkvy,0
tkarkek,0
todqkdthd,0
tptWo,0
thghfgl,0
thsqkf,0
Tkdenddl,0
dkssogkek,0
dkswglek,0
dudgk,0
duvrnfl,0
dhlryrhks,0
dhlrnrdj,0
dnpsaksgkek,0
dbgodgkek,0
dmdmd,0
dldjtj,0
wkwkdaus,0
wkwjd,0
whdgkqgkek,0
wndgkrtod,0
Wkek,0
cka,0
co,0
chlgn,0
cnlwo,0
clek,0
xpfj,0
xhfhsghl,0
gkswks,0
ghwnajsl,0
gbdlf,0
rksks,0
rkwnr,0
rhksrPdjqtdl,0
rns,0
rlek,0
ekxna,0
ekffur,0
eo,0
eoskw,0
epfurkek,0
ehwkrl,0
ehfapddl,0
ehlehfdkdhek,0
enRp,0
enlWhr,0
ahwhfl,0
qusrud,0
qnwlfjsgl,0
tktma,0
tkachs,0
tkdekdtn,0
thvnd,0
thrdht,0
thsahr,0
thstlf,0
tmfWjr,0
tlskfldh,0
tlsanswl,0
tlfzjt,0
didqhgkek,0
dpswls,0
dyd,0
dnsgod,0
dleofh,0
dlsrkstjd,0
dlstkdwjr,0
wkfkskek,0
wjstl,0
whrmakgkek,0
wnckwkd,0
wngks,0
wndsus,0
wlek,0
WlRjrl,0
cnacnek,0
xpsltm,0
vkfl,0
vhtmxj,0
vhgka,0
gudtlrwjr,0
ghska,0
gnghlgkek,0
rkdlem,0
rkdlqgkek,0
rkath,0
rhfmek,0
rhthrehfh,0
rhdcor,0
rnqnsehlek,0
rndlq,0
rldu,0
rlgh,0
Rnflek,0
skdql,0
sodhl,0
eofir,0
ejvdlek,0
ehfldj,0
Ehrqkfh,0
fkdls,0
fpswm,0
ajtdlTek,0
aufcl,0
qkfka,0
qkfahr,0
qkasmwek,0
qkddnf,0
qo,0
qjf,0
qhrhks,0
qhtkfvlek,0
qhdhksgkek,0
qhwhsgkek,0
Qkfek,0
Qoshgek,0
tktkd,0
tkcnsrl,0
tkdqksrl,0
tjwja,0
tjswjs,0
tjfflqgkek,0
tnwlq,0
tnvlf,0
tlsrlgkek,0
tlsql,0
tlstjf,0
tlfrka,0
tlfakd,0
Tmekemaek,0
dkffnalsba,0
dkfdkwnek,0
didakf,0
dudn,0
dhk,0
dhlcnf,0
dydrl,0
dnpdlxj,0
dbqkfgkek,0
dbwlehlek,0
wkrkdyd,0
wkqdkekdrlek,0
wjarja,0
wjdakf,0
wjddnjs,0
whrl,0
whsrudgkek,0
whd,0
whdthfl,0
wndtns,0
wlrkr,0
wlrtjs,0
ckadhl,0
cpgkek,0
cpgjagkek,0
cheogkek,0
chd,0
cldcksgkek,0
zhcl,0
xhddlfgkek,0
votus,0
vmflsxj,0
vlel,0
gkskgksk,0
gkrdnl,0
ghldml,0
rkfhemd,0
rka,0
rorodls,0
rjeek,0
rhwlq,0
rma,0
rmqrurgl,0
rlsmd,0
rlakrglek,0
sksndjwlek,0
skrduq,0
sjaruwnek,0
shsflwjr,0
ekrktjek,0
eorlgkek,0
eowjq,0
ehdckd,0
enflqjsrjflek,0
akfek,0
akwdmsvus,0
ajt,0
aus,0
qkr,0
qkagksmf,0
qusaud,0
qhwkrl,0
qntkd,0
qnsflgkek,0
qnxemfek,0
tkemfdlek,0
tkdrhksdjqtdl,0
todn,0
tjsdnjs,0
tjftk,0
tlfakdgkek,0
tlagowlek,0
Tlfma,0
dktnldna,0
dkvrlf,0
dirgowlek,0
djwptqka,0
djdakd,0
durhks,0
duWnek,0
dustmqgkek,0
duscnfgkek,0
dufwndgkek,0
duddnd,0
dh,0
dbtks,0
dmlehwjr,0
dlEkrma,0
dlatlsqn,0
wkdrlwjr,0
wown,0
wjstjf,0
wjf,0
wjw,0
whfmek,0
wnansgkek,0
wntk,0
wlruqek,0
wlawkr,0
Whcruskek,0
Wlwek,0
cosjf,0
cnfrmsgkek,0
cnlthgkek,0
cnldjq,0
clfgkek,0
xkdhfmek,0
xkr,0
vks,0
vud,0
vudghkfhqek,0
vytl,0
vytl,0
gkqksrl,0
gksrntjr,0
gksgkek,0
goekq,0
gothgkek,0
gjfkrgkek,0
ghkrflqgkek,0
ghkrtlsgkek,0
gmdqns,0
gmdqnsgkek,0
glaruqek,0
rkatntjd,0
rjemfek,0
rjssjvus,0
rudcl,0
rmqthrgl,0
rmqwmdgkek,0
RkfRmagkek,0
RhaRhagkek,0
skwdkwlek,0
ekstns,0
eotk,0
entp,0
Eo,0
ao,0
ajrrhtkfek,0
ajwek,0
auseka,0
ahwlq,0
ahxnddl,0
qkrnsl,0
qkTkr,0
qkfekfehlek,0
qkfdma,0
qkddnf,0
qhfma,0
qhdwl,0
qnelwglek,0
qltkd,0
qltj,0
Qnflclek,0
tkdjqwk,0
tkdeovus,0
tpxm,0
thakd,0
tnehdwjr,0
tnfwks,0
tmfrmajsl,0
tlwkd,0
tlcjdfbf,0
tlsanstk,0
durns,0
dusdls,0
duswkd,0
dufgmf,0
dPtjs,0
dhrtntn,0
dnjs,0
dmsgodskan,0
dldntwlq,0
wkqntla,0
wkdck,0
woaldjqtek,0
wjvus,0
wjdtlsrhk,0
wpehwjr,0
whwjf,0
wnrj,0
wntm,0
wnsqlehlek,0
wndeksehlek,0
wnddytlgkek,0
wlwja,0
wlseksgkek,0
zhffk,0
xkek,0
vusrus,0
vmffktmxlr,0
ghksdbf,0
ghkfrl,0
rkdtk,0
rkdtnfid,0
ryeo,0
rncjd,0
rnrsodhl,0
rmawlehlek,0
rlehgkek,0
rltjd,0
RoEmflek,0
RhaWkr,0
skagkrtod,0
shdtkdlf,0
shdwkd,0
epdlxm,0
ehlehfdkrkek,0
enqn,0
emfdlzuek,0
Ekfkekslek,0
fkdnsem,0
akdmarkwla,0
ajflzkf,0
ah,0
qkznl,0
qjsro,0
qusghkehlek,0
qnfjdnjgkek,0
qnwo,0
tkakd,0
tod,0
tjsmfgkek,0
tjdrud,0
thdyehlek,0
thghkgkek,0
tnsrkswjr,0
tlwlqrkek,0
tlcjd,0
tlvdjwlek,0
Tmldnek,0
dirks,0
djtrkfflek,0
dufqek,0
dhfkr,0
dhfmsths,0
dndkgkek,0
dlrjtwjrjt,0
dltmf,0
dlsrksrhksrP,0
wkdrlrks,0
wjwk,0
wjstjs,0
wjdwl,0
wpdmlgkek,0
whaud,0
whghkehlek,0
wnfrjfl,0
wndeks,0
cktjs,0
ckrrkrgkek,0
chtkdghk,0
cnfwkd,0
znepxk,0
xhlrms,0
xmrtntjd,0
gkdrhdrl,0
ghkfqkfgl,0
ghlghk,0
gmdalfhqek,0
rkwuekwnek,0
rkrdh,0
roqkdehlek,0
ruwk,0
rudrhgkek,0
rudwpgkr,0
rhfvm,0
rhkstlatk,0
rnqufehlek,0
rnrtk,0
rneglek,0
rnlrnr,0
rmrks,0
rmfjfemtgkek,0
rmrwkrrk,0
rl,0
rldnfek,0
rlwjr,0
Rmfflek,0
soqhsoek,0
eka,0
ehdtj,0
emfdushgek,0
Ektmgkek,0
akfxn,0
audfuddj,0
ahrdyrxkd,0
alRmfjwlek,0
qkektanf,0
qustls,0
qncls,0
qnxwkqglek,0
qmfosem,0
Qkfek,0
tkan,0
tkthgkek,0
tkd,0
tkdzhogkek,0
tjd,0
thsrlf,0
tnsdnl,0
tlrtkgkek,0
Tkd,0
Tjffjdgkek,0
dkatl,0
dkvskf,0
durtktkd,0
duswn,0
dndnfgkek,0
dncprnr,0
dnfflek,0
dbrtkd,0
dmawn,0
dlquf,0
dlswo,0
dlswhd,0
dlftlwjr,0
woalTek,0
wjsanswjr,0
wjfadma,0
wjawksgek,0
whro,0
wnantlek,0
wndrPqkdthd,0
wndehr,0
wlrmq,0
wlstlfgkek,0
ckckd,0
chcjdgkek,0
cnfqkfwja,0
cnfvks,0
cnfgusgkek,0
zmffjq,0
zltm,0
xkfcnfgkek,0
vkstk,0
gjfkr,0
ghkrtls,0
gmflek,0
rjrwjdtmfjqek,0
rjstjfehlek,0
rhro,0
rhvmek,0
rmwpdi,0
rmadus,0
rltjdtpeo,0
rltnfgkek,0
Rkcl,0
Rnathr,0
skql,0
skaqnr,0
skqemrgkek,0
eks,0
eotkrhks,0
ehrckdwjr,0
ehlvnfdlehlek,0
Ejskrkek,0
EjemfTjrgkek,0
Emteofh,0
fptmxhfkd,0
fhqht,0
akswja,0
aoekf,0
ahduemfek,0
anrek,0
qkRkxWhr,0
qorhvmek,0
qjtjt,0
qhtn,0
qhdks,0
qhlek,0
qn,0
qldntek,0
qlzlek,0
tkskdl,0
tkahsla,0
tka,0
tkdwldwjr,0
torekfmek,0
tpalsk,0
tpwp,0
thrtkrdlek,0
tldlf,0
tlgkq,0
tlsthrgkek,0
tlswpvna,0
tlswndgkek,0
Tjr,0
dkazjt,0
dugodgkek,0
dPrhgkek,0
dnlqksgkek,0
dnltaha,0
dmsdmsgkek,0
dlgorhksrP,0
dlrglek,0
dlfeo,0
dlqfur,0
wkdusgustkd,0
wjdfbwkd,0
wjdtlsdjqtdl,0
wjdwlrgkek,0
whwjdgkek,0
wnfma,0
wnddy,0
coavldjs,0
chltls,0
cnrgk,0
cnlth,0
zoflrxj,0
zjxms,0
vos,0
gofhqek,0
gusrhksans,0
ghkfqkfgowlek,0
ghlqhrehlek,0
gmltodgkek,0
rksmdgowlek,0
rudnfcjf,0
rhcnwkd,0
rhfvmwkd,0
rhddusgl,0
rhkwjd,0
rnrtn,0
rnrwpwjr,0
rmfn,0
rmwjs,0
rmarh,0
Rnwnd,0
Rmfdjekdrlek,0
Rl,0
smdehdwjr,0
ekfqlc,0
ekdqnsrks,0
ehdnaakf,0
ehltkfflek,0
enlttks,0
Eoa,0
akswhrgkek,0
aoqek,0
apek,0
ahffudhek,0
anfwlfwjr,0
aldls,0
aledjwlek,0
qkswnr,0
qkswl,0
qka,0
qocl,0
qordls,0
qhs,0
qhstk,0
qnfmek,0
qnfvudemdgkek,0
qlxkals,0
qlfeld,0
QkEmflek,0
tksthr,0
tofhdl,0
tjdiddls,0
thwlvna,0
thddl,0
thl,0
tnzjt,0
tmdflgkek,0
tlrch,0
tlaqnfma,0
Tldkt,0
didhl,0
djedjajrek,0
djatnrgkek,0
durk,0
duehdtod,0
dustkdgkek,0
duvwlq,0
dhforksaks,0
dhfoehfhr,0
dhffuekqhek,0
dhlek,0
dhlcla,0
dlQkf,0
dlgo,0
dlfths,0
wkaqk,0
wkatngka,0
wkdtn,0
wkdgkrrma,0
woek,0
wO,0
wjatlatlrks,0
wlehgkek,0
wlwjr,0
wlsfh,0
wlsgodwk,0
Whr,0
ckwdkekslek,0
cordlarka,0
cpdhs,0
chqkq,0
cnfrn,0
cnfdlqans,0
xhdrhk,0
vhwkdakck,0
vnek,0
vnf,0
vlakd,0
vlffma,0
gksruf,0
gksdufma,0
gkdrhd,0
ghtjs,0
ghlwjs,0
gbwl,0
rkfuwlek,0
rkdnl,0
rhthr,0
rheek,0
rhfcl,0
rngkek,0
rmEormEo,0
soekf,0
sptWo,0
shkenek,0
smwdjwlek,0
ehakdrkek,0
ehrgkek,0
Ekdzhd,0
Emf,0
EmtqkRdp,0
aks,0
audeks,0
andmlalgkek,0
ansrn,0
anjt,0
alaks,0
qortor,0
qlqkfka,0
tkrl,0
tkakdgkek,0
tkanwlr,0
thwlf,0
tha,0
tlelfha,0
tlrtodghkf,0
tlsghemd,0
tlsghsdugod,0
tlf,0
TlrTlrgkek,0
dusrntlf,0
dnjfemzjq,0
dbaj,0
dmlfb,0
dlqdnjs,0
dlwguwlek,0
wkftkfek,0
wkdrk,0
wjrdmd,0
wjdflehlek,0
wh,0
whfdjqtod,0
wnrek,0
ckdvlgkek,0
clswjf,0
clatlf,0
xornjseh,0
xhfhsgkek,0
gkskgksk,0
gkqgkek,0
gosemqor,0
goaqjrj,0
rkwjdrytk,0
rkatk,0
rhdxhdwjr,0
rydbrwk,0
rywo,0
rlxk,0
rlfdjwlek,0
Rothrma,0
skQkwlek,0
ska,0
shgdkenek,0
eowjqgkek,0
enxhd,0
Enldjsoflek,0
anrndghk,0
qkdlfjtm,0
qkdqkekr,0
qjsrjfhqek,0
tksid,0
tkghltodghkf,0
tjfrjwl,0
tnsus,0
tncnfgkek,0
tnrth,0
tbvjakzpt,0
tlaflwjr,0
dusrl,0
dnlfh,0
dldydwk,0
dlqfurgkek,0
wkrurwmd,0
wlsfy,0
ckdrk,0
chwhgkek,0
xkek,0
gkswksgkek,0
gkaRpgkek,0
gkqrurgkek,0
ghkwkdwl,0
glaRjt,0
rkdy,0
rkatkd,0
rhdWk,0
rhdxhdehlek,0
rmaksgkek,0
rla,0
skemfdl,0
shrdlek,0
snsrk,0
ehakd,0
ehdrl,0
ahrl,0
alsl,0
qkdaus,0
qjqwjr,0
qpscl,0
qhtn,0
qhfdlf,0
qnRmfjdna,0
qlsn,0
qlgod,0
qltwnfrl,0
tkghlgkr,0
tjdwjr,0
tptn,0
tnswlsgkek,0
tmdnpxj,0
tlatlagkek,0
djfudnjwlek,0
dugodtk,0
dhffktjek,0
dhlsths,0
dbgkrtod,0
dms,0
wkfl,0
wkftodrlek,0
wkddodls,0
woghkfdydvna,0
wjfjek,0
wjfl,0
wjfdirgkek,0
wjdqkseo,0
wh,0
wlsehd,0
Wlro,0
cncjs,0
gkrwja,0
gksrkgkek,0
gkqrur,0
ghksdudgkek,0
rkswjqwjr,0
rkfek,0
ruddudgkek,0
rmfldna,0
rmtkdl,0
rlsuagkek,0
rleh,0
rlfrjfl,0
Rhcdlv,0
sprxkdl,0
eorkd,0
ehrflqgkek,0
ehffuwnek,0
emfdlaktlek,0
Enldjdhfmek,0
fkdlxj,0
aodlf,0
ansqkR,0
qkdthdgkek,0
qhcndgkek,0
qnfdhkswjsgkek,0
qnfvud,0
qnaqlek,0
todghkfghksrud,0
tjaud,0
thsemd,0
durtkgkr,0
dud,0
dhfl,0
dyfltk,0
dnjs,0
dnjstj,0
dnjf,0
dlfhswjr,0
dlwpdi,0
dlatlsgkek,0
dlqdnjsgkek,0
wkcnl,0
wkarmek,0
wkqtntlek,0
wkdsksrka,0
wkdfP,0
wjsrlqkqthx,0
wlrmaRjt,0
wlfmarlf,0
wlwls,0
ckatjrwk,0
ckdrn,0
chlwj,0
zhalel,0
xnlrlek,0
vlftn,0
gkvna,0
gksrnrakf,0
ghlttn,0
gmflek,0
rksmd,0
rkqtTkek,0
rPfks,0
ryans,0
rnjsxn,0
rlswkdrka,0
rla,0
spt,0
enlvus,0
aoekfek,0
aown,0
answpehlek,0
qkecla,0
qnr,0
qnfdldlr,0
qnfvlfdygkek,0
tksqndlsrhk,0
todnek,0
tjaudgkek,0
tn,0
tnrhgkek,0
tngkr,0
tlsqn,0
Tmfepdjqtek,0
dksy,0
dkfoWhr,0
dktmvkfxm,0
dkgk,0
dkfzhdhf,0
dortptjfl,0
dpdjzjs,0
duafugkek,0
dhdl,0
dhltkachs,0
dy,0
dntdmathfl,0
dnlWhr,0
dmafytn,0
dlstho,0
wksel,0
wjstp,0
whrld,0
cheo,0
clek,0
zoavjtm,0
xjsjf,0
xhd,0
xhlwlrrma,0
ghksrkq,0
rkaksdlTek,0
rksvusgkek,0
rkaehdwjr,0
rjssjdhek,0
rhksrhkdwl,0
ryqhr,0
ryvh,0
rnlrkgkek,0
skfdkekslek,0
ejejdnr,0
emdfhrrma,0
Enldjekslek,0
akdmaTl,0
aks,0
apah,0
auctlq,0
ahaao,0
ahaanrp,0
anrhkstla,0
qksWkrdlek,0
qoekf,0
qjsdur,0
qndls,0
qnswngkek,0
qlslfqhdwl,0
qlvkswjr,0
Qotek,0
tkwjs,0
tjfkq,0
thskrl,0
thwndgl,0
thswkqdl,0
tnehRhrwl,0
tlffP,0
Tkrnfu,0
dkssud,0
dksehlek,0
dirrnr,0
djWlsk,0
djdxjfl,0
dusgkek,0
dnjstnddl,0
dnlqjq,0
dbrcpwjr,0
dmafur,0
dlghs,0
dlfghldyd,0
wkselqkx,0
wjrl,0
wjsanswlr,0
wjsghkrl,0
wpcnf,0
wlskswn,0
wlsekffo,0
Whr,0
Wlek,0
ckska,0
cowja,0
clackrgkek,0
zkazkagkek,0
xkwkrl,0
vosxl,0
vusgl,0
vhdlsxm,0
vhzm,0
gksqkawnd,0
gyeh,0
rkrn,0
rksghtk,0
roskfl,0
rhemdgkrtod,0
rhfahrrlf,0
rhksfkaror,0
rnlrk,0
rmfldnjgkek,0
rldjrskek,0
rlcla,0
shfotthfl,0
ektjt,0
ekfrrhrl,0
eogkrrytn,0
enltans,0
Ekfdkdl,0
fpahs,0
akswhrtmfjqek,0
aldna,0
qkrkwl,0
qkfRmx,0
qoRhq,0
qudtlf,0
qhdtkgkek,0
qlgodwkd,0
tkfkdtmfjqek,0
tnerkfkr,0
tnfqud,0
tmqrl,0
Tmdlek,0
duqtj,0
dPqh,0
dydlf,0
dyrtlf,0
dydrkagkek,0
dnswjsrltk,0
dnlgjatjd,0
dlrek,0
dlf,0
wkdak,0
wogkr,0
wj,0
wjsrl,0
wjstlgkek,0
wjdrlwjr,0
whdrywjr,0
wnrhkswjr,0
wlrwkddls,0
wlstla,0
wlfansgkek,0
Wkfqdkwlek,0
Wlek,0
corrkqkd,0
cjsrnr,0
cldir,0
zmswjf,0
gkrrhk,0
gnghl,0
rkdwh,0
rptlvks,0
rhdxhdwja,0
rhkdhl,0
ryso,0
rn,0
rmadydlf,0
rlaqkq,0
sowjr,0
shfdlxj,0
eksurkek,0
ekqwkd,0
EoEofh,0
Emek,0
akfkxhs,0
aotmzja,0
an,0
anrek,0
qksksk,0
qkfemd,0
qkato,0
qufdlf,0
qhsodhek,0
qnco,0
qnfqjq,0
qmffkdntm,0
tkdjqrk,0
tkdlwhgek,0
tptkddp,0
tnrh,0
tndydlf,0
tmfvjgkek,0
tlrmacl,0
tlscjdtj,0
Tmfprlxhd,0
dkfottkfka,0
dkvWhr,0
dofqja,0
did,0
duwjsgkek,0
dudska,0
dhrtkd,0
dhlsqkf,0
dnswjsgkek,0
dnl,0
dlfrl,0
dlfwkfl,0
wkao,0
wjqjs,0
wjstlwkd,0
wjfdir,0
wjdekq,0
wjddh,0
wpeogkek,0
whfek,0
wmrtjr,0
wlqkd,0
ckck,0
cncmr,0
cndrh,0
zhvl,0
xjr,0
vortlalffl,0
gksskw,0
gkfdls,0
rkemrgl,0
rksgh,0
rkq,0
rjssj,0
rjeek,0
rjqskek,0
rhrnak,0
rnrrl,0
rmaapekf,0
shxm,0
snsrkaek,0
snsEmek,0
eodlq,0
eoghkgkek,0
ehak,0
ehdghkcor,0
Ekfrl,0
Ekdqkekr,0
ahwlqgkek,0
aldnjgkek,0
qkator,0
qkqakt,0
qodnwk,0
qhrtk,0
qhRdmaqkq,0
tjdquf,0
tpxkr,0
thansskek,0
thdyddjqtek,0
thrtkdgkek,0
thstnrjs,0
thddkwl,0
tnehtanf,0
tnaks,0
tndlqehlek,0
tndlqvna,0
tnfwkfl,0
tlrrl,0
Tksrkqt,0
dks,0
dksqn,0
didwn,0
djflsdlskf,0
dudghkqodn,0
dhfmsqkf,0
dydtj,0
dnvus,0
dltkgkek,0
dlfemd,0
wkrdkwlek,0
wjdwkd,0
whqglek,0
whgdk,0
wnr,0
wnfansml,0
wldnjwlek,0
wlwjqnsgkek,0
wlsxhd,0
ckstjdgkek,0
ckatjr,0
chzhfflt,0
chlrhrmq,0
chltkd,0
chldkr,0
cnfrnr,0
clsgowlek,0
zhRmx,0
xjalsjf,0
vlwk,0
gksrnrwjr,0
goa,0
ghksdud,0
rkfhtn,0
rkstlr,0
rka,0
roek,0
rhrmqtmfjqek,0
rhthgkek,0
rhdwn,0
Rodjwlek,0
ska,0
sprjfl,0
shfkstor,0
shrdmagkek,0
ekffj,0
eodutjt,0
ehlehfdkqhek,0
emdtksfh,0
aktkwl,0
aks,0
ajrglek,0
ahatkf,0
anejdnl,0
andydrk,0
qkrtm,0
qksrlek,0
qkqthx,0
qpro,0
qpfxm,0
qhrtkgkek,0
qntek,0
ql,0
tkrPwjf,0
tkrhkgkek,0
tkxnfl,0
tkdrma,0
tnwj,0
tlrdyr,0
dkvqkek,0
difalqek,0
didtkdcn,0
dueotod,0
dusrlgkek,0
dhsfkdls,0
dhlrktwlq,0
dhlgkfajsl,0
dbsmdgkek,0
dbwjrwl,0
dmadkrrk,0
dmdekqgkek,0
dlfhqek,0
dlqns,0
dlstka,0
dlstkd,0
dlqtk,0
wk,0
woghkfdyd,0
wjadnjs,0
wptktskf,0
wnfmatkf,0
ckarhgkek,0
cktwks,0
cjfgkrwjr,0
cheo,0
cncjsgkek,0
cltthf,0
zmsrlf,0
vksaoehlek,0
vus,0
vhrmsgkek,0
vheh,0
gksksla,0
gkrfur,0
gkswjdgkek,0
gidtkdehlek,0
ghavpdlwl,0
ghldeksqheh,0
rkxhfflr,0
rkdekd,0
rjswhgkek,0
rjerl,0
rhahqn,0
rhdwndwjsghk,0
rhdxhd,0
rhkrj,0
rnrrkwjr,0
rnltthr,0
rmfovlr,0
rmsry,0
rlchwjr,0
shrdma,0
ekdidtjd,0
eotkdwk,0
ehdrmfkal,0
Ejskdhek,0
fpdlwj,0
akwnd,0
qkfrek,0
qkawnd,0
qoemalsxjs,0
qoqnfmek,0
qjxms,0
qhtnwjr,0
qnfghkrtlfgkek,0
qlaks,0
qltqkddnf,0
tkghlwk,0
tidnj,0
tjxnfmek,0
tpxkrrl,0
thsQur,0
thstn,0
thdvus,0
tlemfek,0
tlel,0
tlstk,0
tlsghsqnqn,0
tldrjqek,0
Tmfepdjqtdl,0
digkek,0
djWjekrk,0
dPtskfdldirl,0
dhqms,0
dhswhddlf,0
dhkdls,0
dhkdql,0
dntmdgkek,0
dnsqks,0
dntdjfms,0
dlstkakf,0
wkvksrl,0
wkdahsla,0
wjsurEo,0
wjdnf,0
wjrdjwlek,0
wlvP,0
wlstlffh,0
chtqnf,0
cnfxhlrms,0
clrhk,0
xptmxm,0
xhddur,0
xhlrmsgkek,0
vytlgkek,0
vlfhgkek,0
gk,0
gksep,0
ghswktakf,0
ghkskek,0
gyehgkek,0
gladjqtdl,0
rkfh,0
rkfdkxkek,0
rjssjsqkd,0
rhedldj,0
rhdrl,0
rhldwkdgkek,0
rmfotj,0
rldjqdls,0
rlswkdehlek,0
RoRmtgowlek,0
skRtlteo,0
skaehdtod,0
sotanf,0
eksrhf,0
eksakt,0
ekady,0
eo,0
ejfjdnjwlek,0
epdnek,0
ehckr,0
ehdrmfkgek,0
Enldjskdhek,0
fpwj,0
fhxjfl,0
anejqek,0
anjf,0
qkseovus,0
qkfqkekr,0
qkfxhq,0
qkfrdkwlek,0
qkatoek,0
qnwktwlq,0
qnsaudgowlek,0
tkwlsrl,0
tksrlf,0
tkdcn,0
tjqTl,0
thtlwl,0
tyvld,0
tndjq,0
tmzpwnf,0
tmzl,0
tldhl,0
tlarkrgowlek,0
Tkr,0
Tltrlek,0
dkstlagkek,0
dir,0
dirtn,0
dirvna,0
didqocn,0
didqh,0
didduv,0
dixek,0
djendnjwlek,0
djWja,0
djwrmwp,0
durhtod,0
dudhkd,0
dusrlehlek,0
duf,0
dPdir,0
dhffkxkek,0
dnsehdghk,0
dlrhtwjrht,0
dlekdma,0
dlfghldydvna,0
dlfrglek,0
wkqtnek,0
wkdtkRns,0
wjfjs,0
wjatlaEo,0
wndlf,0
wmfrjdnjgkek,0
wlqwndgkek,0
Wkek,0
Wkwmdtmfjqek,0
cjswo,0
chemdgkrry,0
chqh,0
chdufma,0
chwjsur,0
cndehfgkek,0
zhxm,0
vlrhs,0
gkrql,0
go,0
godhldugod,0
gywk,0
rkathehlek,0
rkdqus,0
rhddusehlek,0
rhdgbdlf,0
rhlfhdnjgkek,0
rytl,0
rmflfh,0
Rkajrek,0
RkaQkr,0
Rkdvo,0
Rnek,0
skRtlRns,0
ekdidgowlek,0
eowndryxhd,0
epfudhek,0
emdfhrgkek,0
Enlshfek,0
Enldjdhek,0
fkzpt,0
flxj,0
akdyspwm,0
akgms,0
akstp,0
aksghkrk,0
akaeofh,0
ajflakf,0
auswjq,0
audgka,0
ahathr,0
ancordlagkek,0
qksWkrrjflek,0
qkatodnek,0
qjswl,0
qhfvps,0
Qkfrkstor,0
tkflq,0
tktodghkf,0
tkdltkdl,0
tkwk,0
tothfl,0
todghkftnwns,0
tjxnfek,0
tjrtk,0
tjdekd,0
thrakdma,0
thswkqek,0
tnrsu,0
tnsgkek,0
tleor,0
tlqnah,0
tlscpwjr,0
tlftngkek,0
Tmsakt,0
didhd,0
djfakrks,0
dhfdufma,0
dhlwp,0
dhlcnfgkek,0
dyrgkek,0
dnldkfo,0
dmaqks,0
dmlshs,0
dl,0
dlfotj,0
dlqkfth,0
wktkfgkek,0
wkduswjr,0
wkdfPtlr,0
wotn,0
wowkrsus,0
wocorl,0
wjsrn,0
wjsanswja,0
wjsxhdansghk,0
wjdrjwkd,0
whseotakf,0
wnwjswk,0
wldnek,0
ckstjd,0
chqhwk,0
chcjdwkd,0
chstmfjqek,0
zkfp,0
zjseltus,0
zhtmahtm,0
zlffh,0
xhfhswk,0
xmsxmsgl,0
xltucm,0
vpdlsxm,0
vudtkdtl,0
gkrrytodghkf,0
gksenf,0
goanf,0
gud,0
ghsskek,0
rkaks,0
rkawjdwjr,0
rkdqnr,0
rjfl,0
rhantls,0
rhcntrkfn,0
rhksfka,0
rydhl,0
rydbrql,0
rnrflq,0
rma,0
rldjrehlek,0
Rkek,0
RhcTl,0
Rnwnsgkek,0
sksqkd,0
sodydanf,0
shrghk,0
shdrn,0
ekfek,0
enltrhfahr,0
emfdjwnek,0
elwkdlsj,0
EkfhEkfh,0
Enldjskrkek,0
Enldjshfek,0
fkdlqjf,0
aoqjs,0
ajrek,0
anrhkstlagkek,0
antkgkek,0
qkaskw,0
qorn,0
qjsdurgkek,0
quddkfl,0
qnwlfjsgkek,0
qnvl,0
qlrlek,0
todghkfdydvna,0
tjsvndrl,0
tpfh,0
tprtlgkek,0
thqlgkek,0
tnflgkek,0
tmanf,0
tlrfyvna,0
tlrglek,0
tlfgdjwlek,0
Tltrlek,0
djfflek,0
duwlrdnjs,0
dufflek,0
duvqkd,0
dhvltmxpf,0
dhfrkdmf,0
dhkdltucm,0
dnjsvltm,0
dnlttkfka,0
dlals,0
dltjd,0
dlghsgkek,0
dlswp,0
dlqtkgkek,0
wodnek,0
wjstlehlek,0
whfflek,0
whfdma,0
whddlzjq,0
wnans,0
wlsmd,0
WjfWjfaoek,0
cjf,0
cjdqkwl,0
cnrkehlek,0
clfyqjq,0
cldnek,0
zhRlfl,0
zhstjxm,0
zmsthfl,0
zmsdkemf,0
xmrrmq,0
vuddlf,0
vnfdjwlek,0
gksrudnf,0
gksvudtod,0
gotndyrwkd,0
gosemvhs,0
gjgj,0
ghtlf,0
gbwlxhd,0
gmfuwlek,0
gmlakdgkek,0
glaemfdjgkek,0
rkddmlgkek,0
rjrwjdehlek,0
rhddusgkek,0
rbf,0
sorhk,0
sptWo,0
ehlswkdWlro,0
ahrrjfdl,0
anwlro,0
ansqjq,0
qhRdma,0
qhffld,0
qlenfrl,0
todghkfql,0
tmzlwkd,0
tleowjr,0
Tmek,0
dkvans,0
dlseh,0
corqkd,0
cnrkgkek,0
clfvks,0
zmfltmaktm,0
xkrrn,0
guseowjr,0
rn,0
skgmf,0
smwrkdmf,0
ekdldjxm,0
ahrdydlf,0
ahttodrlek,0
dudghkrhks,0
dPtnfwjr,0
wkdah,0
wndrnrwlq,0
wldnro,0
wlgkeh,0
xnlrla,0
rhrnd,0
rhthrqjtm,0
ekscn,0
eowndwjr,0
EndEndgkek,0
aldur,0
qksakf,0
qnsghdtor,0
tk,0
thvh,0
thssu,0
tndudwkd,0
dkfocmd,0
dlfqhsdj,0
wkrdmsdkqjwl,0
wkadht,0
wkdrkq,0
chtns,0
xhldnjsgkek,0
gktns,0
rkfql,0
rlghs,0
ehwkd,0
ehdanfdnjs,0
ahfp,0
tkarPxkd,0
todtls,0
tjfms,0
tlsoqjtm,0
dkghq,0
dPdirgkek,0
dnvy,0
wkdal,0
cjsend,0
xhldnjs,0
vkfkstor,0
rpdmfmek,0
rlsuavna,0
sodaus,0
eksvnd,0
ehrdlfdj,0
EjrqhRdl,0
ansgkrwjr,0
alRmfjqek,0
qhrtnddk,0
qlqlaqkq,0
duems,0
dhldkemf,0
dlEkrk,0
dlfgms,0
wkddls,0
ghkdydlf,0
rkddkwl,0
ektto,0
ehdtjskaqnr,0
tjsanfgkek,0
dkdltmzmfla,0
dhlgkfdkqjwl,0
dyflgkek,0
dlqrnr,0
wnck,0
cpdbrrhks,0
chlth,0
clf,0
zkfrnrtn,0
zmsdkqjwl,0
ghdck,0
rnralswjr,0
rnrwptjs,0
ektjtWo,0
ehddiddls,0
aktdjqtek,0
qor,0
tktlq,0
dksrhk,0
dusfkrcj,0
dustp,0
dPtlrwkd,0
dnjftp,0
dnlcmd,0
dlstkack,0
wlsckf,0
chfhrtor,0
cnrrnrhd,0
zmsEkf,0
vkf,0
ruftjr,0
rlaclWlro,0
shrck,0
ehrrka,0
aksen,0
qkfdmagkek,0
qhfktor,0
qhrtmqgkek,0
tmzpdlxm,0
tlffPgkek,0
dutjt,0
dusentor,0
dhsehf,0
dbr,0
dlfrhq,0
cnfdlqrnr,0
zmffotlr,0
vkqthd,0
vortm,0
rnrsotjs,0
Ejrrnr,0
qhrtmq,0
tkatlq,0
tjdgka,0
tpxkrth,0
tldhlqjtm,0
dirnwkd,0
dhtlq,0
dnsehdqhr,0
wkrdmsdkemf,0
wkawkfl,0
wnckgkek,0
wndrnrdj,0
cjdthrl,0
clftlq,0
vlfxhd,0
gkrtodwmd,0
gudtn,0
rhdgkdqjtm,0
rhksrhkdqjtm,0
rmwjRp,0
sodqkd,0
snsqud,0
ektjtWo,0
qocnrlacl,0
tkxkd,0
tordusvlf,0
thdkrhk,0
didfur,0
dPtns,0
dh,0
wkrdmsdjajsl,0
cnrrnwkd,0
gksrmfskf,0
gkstlr,0
sjr,0
apdlf,0
qhrtkrl,0
qlt,0
tjffjdxkd,0
tlq,0
dkemsla,0
cjs,0
ruftjrgkek,0
rlsuadlf,0
Rkakstor,0
sognsus,0
Eksla,0
tnls,0
tldkqjwl,0
tlrvnawja,0
dirghssu,0
djwjRp,0
dudtkd,0
dPaogkek,0
dPtmq,0
dPtmqgkek,0
dbrtlq,0
cnftjrgkek,0
zmsdjajsl,0
vkftlq,0
ajdajd,0
qnsvlf,0
dirghswk,0
didtlr,0
djr,0
duejfq,0
dhlrhk,0
wprhkwja,0
wndtlr,0
zpcjq,0
vusdmlwja,0
rkfqlxkd,0
rjawjdtor,0
aldydtlf,0
dkgms,0
dltlq,0
dlftlr,0
wkrdmsEkf,0
wjrht,0
chemdgkrtod,0
gkdistor,0
rkddnjseh,0
rudrleh,0
rudqhrrnd,0
rudtkdeh,0
rudwn,0
rhrnfu,0
rhfu,0
rhkdwn,0
rntlq,0
rmfjgrp,0
rmarkdtks,0
rlavhrhdgkd,0
Rkrenrl,0
skaeoans,0
skaeoanstlwkd,0
skaal,0
skatks,0
sbdyr,0
eorn,0
eowjs,0
eogkrfh,0
eogksalsrnr,0
ejrtnrnd,0
ehzy(ehdrud),0
ehrdlf,0
ehdeoans,0
ehdeoanstlwkd,0
fjtldk,0
fjsejs,0
alrnr,0
qorentks,0
qorwp,0
qpdlwld(qnrrud),0
qntks,0
qnrgks,0
tjdnf,0
tjdnfdur,0
tjfdkrtks,0
tpwhdeodhkd,0
tlsfk,0
dktldk,0
dkvmflzk,0
dksehd,0
dudrnr,0
dnftks,0
dbfjq,0
dlfjgrp,0
dlscjs,0
dlscjsrhdgkd,0
dlfqhs,0
wjfjgrp,0
wjsfkeh,0
wjswn,0
wpwneh,0
whtjs,0
whdfh,0
wndrnr,0
wlfltks,0
cndcjdeh,0
zoskek,0
vkfl,0
vuddid,0
vmfkdtm,0
gksrkd,0
gksrnr,0
gksfktks,0
gksqkseh,0
ghwn,0